CASE,sexdrive2,meffort,socialanx,lon,mvalue,attr,CSBD,PPCS_6
407,3,3,3,4,2,0,2,2
426,1,4,4,4,4,0,2,2
428,4,3,3,1,2,0,2,1
436,4,4,3,3,3,0,2,2
441,2,1,3,1,2,0,1,2
446,1,4,1,1,4,0,1,1
452,4,2,1,1,4,0,2,2
467,3,3,1,1,3,0,1,1
502,1,2,1,3,1,0,2,1
507,1,1,1,2,2,0,2,1
517,1,1,3,2,4,0,1,1
523,3,3,2,3,3,0,2,2
531,3,1,1,3,4,0,2,1
532,1,4,1,1,2,0,2,1
543,2,1,1,1,3,0,1,1
548,3,3,2,2,3,0,2,1
554,3,4,1,2,2,0,1,1
556,2,3,3,4,2,0,2,1
558,1,2,1,4,3,0,1,1
566,3,2,4,4,1,0,2,2
589,3,4,1,1,4,0,1,1
590,2,3,1,1,2,0,1,1
592,3,2,3,2,4,0,1,2
601,4,3,1,2,1,0,1,1
603,3,2,2,2,2,0,2,1
605,1,3,2,3,2,0,1,1
606,3,4,1,2,4,0,2,2
621,1,4,3,3,1,0,1,1
626,3,2,3,3,2,0,2,1
639,3,3,1,1,3,0,1,1
640,4,3,1,1,4,0,1,1
663,1,1,2,3,1,0,1,1
671,2,2,1,1,3,0,1,1
672,1,1,1,1,4,0,1,1
676,4,3,3,4,2,0,1,2
684,4,3,4,4,3,0,2,2
686,3,2,3,3,4,0,1,1
687,1,1,1,1,3,0,1,1
702,1,3,3,3,2,0,1,1
711,1,1,1,1,3,0,1,1
728,4,3,3,4,2,0,1,1
729,3,1,2,1,4,0,1,1
732,2,2,4,2,2,0,1,2
734,1,3,1,2,1,0,1,1
737,1,1,2,1,3,0,1,1
739,1,4,1,2,2,0,2,2
744,1,3,2,4,4,0,2,1
747,1,1,4,1,1,0,1,1
757,2,1,1,2,4,0,1,1
759,1,2,1,1,3,0,2,1
761,3,2,3,2,4,0,2,1
764,1,1,4,1,3,0,2,1
770,3,2,3,2,4,0,2,2
777,4,1,1,2,2,0,1,1
779,1,4,1,2,4,0,1,1
785,4,3,1,2,3,0,1,1
788,4,3,2,1,3,0,1,2
797,3,3,3,3,3,0,2,2
806,2,2,2,2,3,0,1,2
834,4,3,3,1,2,0,1,1
836,3,4,1,1,4,0,2,2
879,2,4,1,1,2,0,2,2
889,2,3,1,3,2,0,2,1
904,3,3,4,1,3,0,1,2
918,2,3,1,1,2,0,2,1
924,2,4,1,4,4,0,2,2
969,3,4,2,2,1,0,2,2
970,1,1,1,1,4,0,1,1
1036,2,1,2,3,4,0,1,1
1044,1,3,1,1,4,0,1,1
1046,3,2,4,1,1,0,2,1
1048,1,1,3,3,2,0,2,1
1064,4,4,4,4,3,0,2,2
1068,3,2,1,2,1,0,2,2
1069,4,4,2,4,1,0,1,1
1085,1,2,4,4,1,0,2,2
1100,1,3,4,2,1,0,2,2
1109,3,2,1,1,4,0,2,2
1122,2,2,1,2,3,0,1,1
1130,2,2,2,3,2,0,1,1
1139,3,2,2,3,4,0,2,2
1142,1,2,4,4,2,0,2,1
1166,1,2,3,1,4,0,1,2
1203,3,3,1,2,4,0,1,2
1213,1,2,4,4,2,0,2,1
1235,3,4,1,4,1,0,1,2
1274,1,3,1,2,2,0,2,1
1346,3,3,2,2,3,0,1,2
1391,1,1,1,2,4,0,2,1
1404,1,1,2,1,1,0,1,1
1413,1,2,3,3,2,0,1,1
1416,1,3,2,4,4,0,2,2
1429,2,4,1,1,1,0,1,1
1435,4,2,3,3,1,0,1,2
1436,2,3,1,1,4,0,1,1
1438,1,3,3,2,3,0,1,1
1440,1,1,4,4,2,0,2,1
1454,1,3,1,3,3,0,2,1
1458,1,4,3,2,2,0,1,2
1459,1,1,1,2,1,0,1,2
1460,2,2,1,1,4,0,1,1
1463,2,1,1,2,2,0,2,1
1468,2,1,4,4,1,0,1,1
1472,1,4,1,1,2,0,2,1
1520,4,3,2,4,4,0,1,2
1524,3,1,2,4,2,0,1,1
1531,2,3,1,2,2,0,1,1
1534,3,3,2,3,2,0,2,2
1563,2,3,1,4,1,0,2,2
1588,1,3,3,1,2,0,2,1
1607,1,1,1,1,2,0,1,1
1616,3,1,1,1,1,0,2,1
1617,1,3,2,2,1,0,2,1
1625,1,2,2,1,4,0,1,1
1643,2,4,4,4,1,0,2,2
1647,3,2,3,1,3,0,2,1
1686,3,3,1,1,4,0,1,1
1701,4,1,1,1,2,0,1,1
1723,1,1,2,4,1,0,2,1
1737,4,3,1,3,4,0,1,2
1741,1,1,4,4,1,0,2,1
1759,3,4,1,4,3,0,2,1
1764,1,3,1,1,4,0,2,1
1792,1,1,1,3,2,0,1,1
1807,3,3,2,1,4,0,1,1
1808,1,1,3,3,4,0,1,2
1851,1,2,1,2,3,0,2,1
1852,1,2,2,4,2,0,2,1
1859,1,4,1,2,1,0,1,1
1888,1,4,3,4,1,0,1,1
1936,1,3,1,4,4,0,2,1
1958,4,4,4,3,2,0,2,2
1978,3,4,1,3,2,0,2,1
1981,3,2,1,1,4,0,1,1
1985,3,2,4,3,2,0,2,1
2004,2,4,1,2,2,0,1,1
2009,2,2,1,3,1,0,2,1
2015,4,3,4,1,1,0,1,1
2023,1,3,2,4,2,0,1,1
2029,1,3,3,4,2,0,1,1
2030,2,2,4,4,2,0,2,1
2033,3,4,3,2,3,0,2,2
2034,4,4,2,3,4,0,2,1
2035,1,3,3,3,3,0,2,1
2038,3,2,1,1,4,0,1,1
2039,1,1,1,1,1,0,1,1
2044,1,2,3,4,3,0,2,2
2045,2,2,2,4,1,0,2,1
2046,4,2,1,1,1,0,1,1
2049,3,3,4,2,3,0,1,1
2054,3,2,2,1,2,0,2,2
2055,4,4,2,4,4,0,2,1
2058,4,4,1,1,2,0,2,2
2068,1,2,3,3,1,0,1,1
2072,4,4,3,2,2,0,1,2
2084,2,4,2,2,1,0,2,2
2088,2,3,1,1,3,0,1,1
2092,1,3,2,3,3,0,1,2
2095,1,4,3,1,3,0,2,2
2096,4,3,1,2,4,0,2,2
2101,1,3,3,1,4,0,1,1
2106,3,1,2,4,1,0,1,1
2107,3,2,3,1,3,0,2,1
2108,3,4,1,2,4,0,2,1
2115,3,3,1,1,1,0,1,1
2116,2,4,4,3,3,0,2,2
2119,3,4,1,1,2,0,1,2
2120,1,2,2,2,1,0,2,2
2124,1,1,3,1,2,0,1,1
2127,3,3,1,1,3,0,2,2
2128,1,4,1,1,4,0,2,1
2135,1,2,1,1,3,0,1,2
2137,2,2,1,2,3,0,2,2
2148,2,3,1,1,1,0,1,1
2154,1,3,2,1,1,1,2,2
2156,1,4,1,1,3,0,2,1
2167,3,4,1,1,4,0,1,1
2168,1,3,1,3,1,0,2,2
2170,2,1,1,1,4,0,1,2
2171,4,4,1,1,1,0,1,1
2179,2,4,1,3,2,0,2,1
2181,1,1,4,4,1,0,1,1
2185,2,3,1,1,3,0,2,1
2190,3,1,2,2,1,0,1,1
2192,1,1,3,2,2,0,1,1
2193,1,1,3,3,1,0,2,1
2197,3,3,2,1,2,0,1,1
2200,2,1,1,1,1,0,1,1
2203,2,4,3,4,4,0,2,2
2204,1,3,3,3,2,0,2,1
2205,1,4,4,1,2,0,2,2
2211,1,4,1,2,4,0,2,1
2213,2,3,2,3,3,0,1,2
2215,3,3,1,2,3,0,1,1
2217,1,1,2,3,2,0,2,1
2218,3,4,4,3,1,0,2,1
2223,1,4,4,4,1,0,2,1
2227,4,2,4,4,1,0,1,2
2230,1,4,3,1,2,0,1,1
2231,4,2,3,1,3,0,2,1
2232,2,4,1,1,3,0,2,1
2233,2,1,1,4,1,0,2,1
2242,2,3,4,4,2,0,2,2
2247,4,4,3,2,1,0,2,2
2250,1,3,3,2,1,0,1,2
2255,2,3,4,3,4,0,2,2
2257,1,4,4,3,2,0,1,1
2258,1,3,1,2,2,0,2,2
2261,1,4,1,1,4,0,1,1
2262,3,4,1,1,4,0,1,2
2264,1,3,3,2,1,0,2,1
2272,3,4,1,3,1,0,2,2
2286,1,2,1,1,2,0,1,1
2295,3,3,1,2,1,0,2,1
2296,4,2,1,1,2,0,1,1
2300,3,1,4,2,1,0,1,2
2301,2,2,4,2,1,0,1,1
2302,4,2,2,3,1,0,2,2
2303,1,1,1,3,2,0,1,1
2304,1,3,4,3,3,0,2,2
2305,3,3,1,1,4,0,1,2
2311,3,2,4,1,3,0,2,1
2315,1,4,1,1,2,0,2,1
2317,4,3,1,2,1,0,1,1
2319,1,2,4,3,1,0,1,1
2322,3,4,3,1,1,1,1,1
2324,2,1,2,1,3,0,1,2
2330,3,4,2,3,2,0,2,1
2335,3,3,4,3,4,0,2,1
2340,1,1,1,1,3,0,1,1
2341,3,1,1,1,2,0,1,1
2348,3,1,3,3,2,0,1,2
2358,3,4,2,1,4,0,2,2
2368,1,4,3,3,1,0,2,2
2369,2,1,3,2,2,0,1,1
2380,2,4,4,3,1,0,2,2
2384,3,3,4,3,2,0,1,1
2389,1,2,3,4,1,0,1,1
2400,3,4,1,2,1,0,1,1
2402,3,2,4,4,3,0,1,1
2403,1,3,3,3,3,0,1,2
2407,4,3,1,1,3,0,1,1
2408,1,2,3,4,1,0,1,2
2412,2,3,4,2,2,0,1,2
2416,4,3,2,1,3,0,2,1
2419,4,4,1,3,2,0,1,2
2420,3,4,1,2,1,0,1,2
2433,4,4,3,3,3,0,1,1
2445,4,4,2,1,2,0,2,1
2449,2,2,1,1,1,0,1,1
2462,4,2,2,2,4,0,1,1
2495,2,4,2,1,3,0,1,1
2503,3,2,1,1,3,0,2,1
2513,2,2,1,1,1,0,2,1
2514,1,4,1,4,3,0,2,2
2517,1,4,1,2,2,0,2,1
2523,3,2,1,3,2,0,1,1
2525,3,2,3,3,4,0,2,2
2538,1,3,2,1,1,0,1,1
2539,1,3,4,3,1,1,2,1
2547,2,3,1,4,2,0,1,1
2552,1,4,3,2,2,0,1,1
2553,2,3,3,3,1,0,1,1
2555,2,1,1,1,3,0,1,1
2580,3,4,1,3,3,1,2,2
2585,1,3,3,1,2,0,1,1
2596,4,1,1,2,4,0,1,2
2597,1,3,1,2,1,0,2,2
2614,1,2,1,3,2,0,2,1
2621,2,3,1,1,2,0,1,2
2636,3,4,1,1,2,0,2,2
2637,1,2,2,4,2,0,1,2
2654,1,2,3,1,1,0,1,1
2658,1,4,2,2,2,0,2,2
2661,4,2,3,4,1,0,2,2
2691,2,1,3,3,3,0,1,1
2769,2,4,2,1,2,0,1,2
2789,1,3,1,1,4,0,2,1
2868,2,2,1,1,3,0,1,1
2903,2,2,1,2,4,0,1,1
2912,2,2,2,3,1,0,1,1
2918,1,3,2,3,4,0,1,1
2919,3,1,2,1,1,0,1,1
2923,4,2,3,2,3,0,1,1
2942,2,1,2,2,3,0,1,2
2952,2,2,2,1,3,0,2,1
2954,1,1,2,2,3,0,2,1
2955,1,2,1,4,3,0,1,1
2960,1,2,4,4,1,0,1,1
2987,1,2,2,4,3,0,2,1
2989,3,4,1,1,4,0,1,2
3014,3,4,2,3,1,0,2,2
3021,1,1,3,2,2,0,1,2
3026,1,2,3,3,2,0,2,2
3030,1,2,4,3,1,0,1,1
3036,1,1,3,3,1,0,1,1
3037,1,3,1,1,4,0,1,1
3042,3,2,1,3,4,0,1,1
3112,3,1,1,3,3,0,1,1
3114,4,1,1,1,2,0,2,2
3123,1,1,1,1,2,0,1,1
3125,4,4,1,2,4,0,2,1
3130,3,4,1,1,4,0,2,2
3152,2,3,3,4,4,0,2,2
3154,2,2,1,3,2,0,2,1
3162,1,2,2,4,1,0,1,1
3169,1,2,4,1,4,0,1,1
3173,2,1,2,1,2,0,1,1
3189,1,2,3,4,1,0,1,2
3192,1,4,1,1,3,0,1,2
3215,4,4,2,4,4,0,2,2
3227,4,4,1,1,4,0,1,1
3239,2,4,1,3,4,0,1,2
3243,1,2,3,1,2,0,2,2
3317,1,1,4,4,1,0,1,1
3331,1,1,4,4,1,0,2,1
3375,3,1,4,3,1,0,2,1
3395,3,1,1,1,4,0,1,1
3638,2,1,4,4,1,0,2,2
3647,1,1,1,1,1,0,1,1
3752,3,1,3,2,2,0,1,1
3761,2,1,4,4,2,0,2,1
3768,4,1,3,3,1,0,1,2
3851,4,1,4,4,1,0,1,2
3952,1,1,3,4,3,0,1,1
3979,1,1,4,3,2,0,2,2
4079,2,1,3,3,1,0,2,2
4086,1,1,2,3,1,0,1,2
4090,2,1,3,2,3,0,2,2
4100,1,1,2,3,2,0,1,2
4141,3,1,3,3,2,0,1,1
4160,2,1,3,1,3,0,1,1
4321,2,1,4,4,1,0,1,1
4344,4,1,3,4,2,0,1,2
4363,2,1,4,4,3,0,1,2
4373,2,2,3,2,1,0,2,2
4401,1,3,1,1,3,0,2,1
4428,1,1,4,4,4,0,1,1
4449,2,2,3,3,2,0,2,2
4493,4,1,4,4,2,0,2,2
4597,1,4,4,4,1,0,2,2
4652,4,1,4,1,3,0,1,1
4683,1,2,4,4,2,0,1,1
4686,3,2,4,4,4,0,1,1
4724,1,2,4,4,1,0,1,1
4726,4,3,1,2,4,0,2,1
4753,2,1,4,3,1,0,1,2
4821,1,2,4,4,1,0,1,1
4830,3,1,4,3,4,0,2,1
4939,4,1,3,1,2,0,1,2
4954,2,1,1,2,3,0,1,1
4975,2,1,3,4,1,0,2,2
4999,2,1,2,3,1,0,2,2
5024,1,1,3,4,1,0,2,1
5060,3,1,3,3,1,0,2,2
5096,2,2,4,4,1,0,2,2
5163,2,3,4,4,1,0,2,2
5211,3,1,2,3,4,0,2,2
5286,4,1,2,3,2,0,1,1
5307,1,2,4,4,1,0,2,1
5431,1,3,4,4,2,0,2,1
5456,4,4,2,1,1,0,2,2
5488,1,2,4,3,1,0,2,2
5506,1,2,4,4,1,0,2,1
5627,2,1,3,3,4,0,1,1
5764,4,1,3,4,1,0,2,2
5772,2,3,3,3,4,0,2,2
5782,4,2,4,4,2,0,1,2
5835,3,2,4,4,1,0,1,1
5837,1,1,4,3,4,0,1,1
5903,1,3,4,4,4,0,2,2
6106,1,1,3,4,1,0,2,1
6150,4,1,4,4,2,0,1,2
6202,2,2,3,3,3,0,2,2
6224,1,1,3,2,3,0,1,1
6324,4,2,2,1,1,0,1,2
6360,3,1,3,4,3,0,2,2
6393,1,1,3,3,1,0,1,1
6401,1,2,3,4,2,0,2,1
6427,4,4,4,2,1,0,2,2
6478,1,1,3,4,2,0,2,1
6503,3,2,4,3,2,0,2,2
6635,3,1,3,4,1,0,2,2
6653,1,1,3,3,3,0,1,1
6657,1,1,2,3,2,0,1,2
6660,4,1,1,1,2,0,1,2
6790,2,2,4,2,1,0,1,2
6819,3,1,4,4,1,0,1,1
6829,1,1,2,3,3,0,1,2
6846,4,1,2,4,2,0,1,2
6848,1,2,4,4,1,0,1,1
6908,1,1,3,4,4,0,1,1
6910,3,1,4,2,2,0,1,1
6912,4,1,4,4,1,0,1,2
6940,2,4,4,4,2,0,2,2
6947,1,1,4,2,1,0,1,1
6961,4,1,4,4,1,0,1,2
6966,1,2,3,3,1,0,1,2
6982,4,1,4,4,2,0,2,2
6991,1,1,3,2,2,0,1,1
7015,1,3,3,4,3,0,1,1
7023,4,1,1,4,1,0,2,2
7029,2,1,4,4,1,0,1,2
7036,1,1,3,3,1,0,2,2
7058,4,3,2,1,1,1,2,2
7077,3,4,3,2,2,0,2,1
7081,1,1,3,2,1,0,1,1
7101,2,3,3,1,2,0,1,1
7246,4,2,3,4,1,0,1,2
7257,2,1,3,4,1,0,1,2
7298,4,1,1,1,4,0,1,1
7308,4,2,1,1,2,0,1,2
7313,3,4,4,3,4,0,2,1
7364,1,2,4,4,1,0,1,2
7404,3,2,4,4,4,0,2,2
7452,1,2,4,4,2,0,2,2
7471,4,1,3,1,2,1,2,1
7489,3,2,3,4,2,0,2,2
7601,1,4,3,2,2,0,1,1
7612,1,3,4,2,3,0,1,1
7622,1,4,2,4,4,1,1,2
7632,3,2,4,3,1,0,1,1
7660,1,2,4,1,1,0,1,1
7678,3,4,4,3,2,0,2,2
7705,2,1,4,4,1,0,1,2
7735,1,1,3,4,2,0,2,1
7736,1,1,4,4,1,0,1,1
7754,1,2,4,4,1,0,1,1
7757,4,1,4,4,2,0,1,2
7762,4,1,3,4,2,0,1,1
7769,1,2,3,3,1,0,2,1
7783,1,1,3,4,4,0,1,1
7856,4,4,3,4,1,0,2,2
7863,1,3,1,1,2,0,2,1
7895,1,2,2,3,1,0,1,2
7896,1,4,4,3,2,1,2,2
7956,3,2,1,1,3,0,1,1
7957,1,1,4,4,2,0,2,1
8018,2,2,3,3,1,0,1,1
8033,1,1,3,4,3,0,2,2
8060,3,1,3,3,2,0,1,2
8063,4,1,2,2,1,0,1,1
8123,4,4,2,1,3,0,2,2
8232,1,2,1,3,2,0,1,1
8250,4,2,3,3,1,0,2,2
8269,3,2,2,3,2,0,2,2
8308,1,3,1,1,1,0,1,1
8493,1,3,3,4,1,0,2,1
8514,3,4,1,2,3,0,2,2
8524,2,1,3,1,3,0,2,1
8528,4,4,1,1,3,0,2,2
8533,3,1,4,4,1,0,2,2
8544,1,3,3,1,2,0,2,1
8548,2,2,1,2,2,0,1,1
8552,1,3,3,3,1,0,1,1
8555,1,3,2,4,2,0,1,1
8561,4,1,4,3,1,0,1,1
8563,2,1,1,1,2,0,1,2
8578,1,1,2,2,1,0,1,1
8580,3,3,3,1,4,0,1,1
8600,3,1,1,1,2,0,2,1
8616,1,3,2,1,1,0,2,1
8631,1,4,4,4,3,0,1,1
8645,1,3,3,3,1,0,2,1
8661,2,3,1,1,3,0,1,1
8669,1,3,4,3,3,0,2,2
8688,2,3,2,4,4,0,2,1
8689,2,4,1,1,2,0,2,2
8697,2,2,1,1,1,0,1,1
8702,1,1,3,3,1,0,1,1
8707,1,3,4,4,1,0,2,1
8730,4,3,1,2,4,0,2,2
8754,2,2,2,2,1,0,2,1
8759,1,1,4,3,2,0,1,1
8767,3,4,2,1,4,0,1,1
8769,3,4,1,1,2,0,1,1
8773,1,3,3,4,1,0,1,2
8774,1,1,4,3,1,0,1,2
8786,3,1,4,4,3,0,1,1
8788,3,4,2,3,1,0,1,2
8799,1,4,2,1,3,0,1,1
8800,2,3,3,1,2,0,1,1
8831,2,3,4,3,1,0,1,2
8840,1,4,1,1,1,0,1,2
8847,3,2,1,2,1,0,1,1
8849,2,3,1,1,4,0,2,1
8854,2,3,1,3,3,0,1,2
8858,1,1,4,3,1,0,1,2
8863,3,2,1,4,2,0,1,2
8866,1,2,3,4,2,0,1,1
8870,2,3,1,1,4,0,2,2
8882,4,4,1,3,4,0,2,1
8886,3,4,2,2,2,0,2,2
8899,2,2,4,3,4,0,1,1
8903,3,1,4,4,1,0,1,1
8906,3,3,3,2,2,0,1,2
8912,3,4,1,1,4,0,2,1
8915,4,1,4,4,4,0,1,2
8929,3,2,1,1,4,0,2,2
8931,2,2,3,4,1,0,2,2
8935,1,4,1,1,2,0,1,2
8939,3,1,3,2,1,0,1,1
8954,3,2,1,2,4,0,2,1
8955,1,3,2,3,3,0,2,2
8966,4,2,1,2,4,0,1,2
8994,3,2,2,3,2,0,1,1
8997,3,3,1,3,2,0,1,1
9000,2,3,2,2,1,0,2,2
9015,1,1,1,4,4,0,2,1
9051,3,3,1,2,2,0,2,2
9064,1,1,1,2,2,0,1,1
9084,1,1,1,1,1,0,1,1
9086,1,1,1,2,3,0,2,2
9097,1,1,4,2,2,0,2,1
9105,3,1,2,2,2,0,1,1
9107,2,4,1,2,4,0,2,1
9111,3,2,1,2,2,0,1,1
9116,4,4,4,4,1,0,1,1
9136,4,3,2,3,2,0,2,2
9142,4,4,1,2,3,0,2,2
9145,2,2,3,2,3,0,2,1
9147,3,2,2,1,4,0,1,1
9150,3,1,3,3,2,0,1,1
9162,2,1,3,2,4,0,1,1
9167,1,3,1,3,3,0,2,2
9179,4,2,2,1,4,0,1,1
9185,1,3,1,2,4,0,2,2
9189,2,4,1,1,4,0,2,1
9190,2,1,3,3,4,0,2,1
9198,2,2,1,1,2,0,1,1
9202,2,3,3,1,3,0,1,1
9203,4,2,2,2,2,0,1,1
9208,1,3,1,2,4,0,1,1
9229,4,4,1,2,4,0,2,1
9231,3,3,4,3,3,0,2,2
9234,1,2,3,3,2,0,1,1
9237,3,4,1,1,4,0,2,2
9238,1,3,4,4,2,0,2,2
9239,2,4,3,3,3,0,2,2
9244,1,1,2,2,4,0,2,1
9246,3,2,2,4,1,0,2,1
9261,3,1,2,4,4,0,1,1
9265,3,1,1,2,2,0,2,2
9266,3,3,4,3,2,0,2,1
9275,1,1,2,4,3,0,1,2
9278,3,3,1,2,4,0,1,2
9279,3,2,1,1,4,0,1,2
9282,1,2,2,2,4,0,2,1
9289,3,3,1,1,4,0,1,2
9303,3,3,2,3,1,0,1,1
9304,4,2,3,3,2,0,2,1
9305,4,3,2,3,2,0,2,1
9310,1,1,4,1,2,0,1,1
9315,2,1,1,2,4,0,1,1
9320,3,2,4,2,3,0,1,1
9328,3,2,4,4,1,0,2,1
9352,4,4,4,4,3,0,1,2
9359,2,4,3,4,3,0,2,1
9362,3,1,1,1,4,0,2,1
9369,2,2,2,4,4,0,1,2
9373,2,2,2,4,3,0,1,1
9374,1,3,2,1,3,0,2,1
9384,1,3,3,3,3,0,2,2
9388,3,4,3,4,2,0,2,2
9422,4,3,4,1,2,0,2,1
9423,2,3,1,3,2,0,1,2
9433,2,4,4,3,2,0,2,1
9434,2,3,3,4,1,0,2,2
9451,1,1,1,2,4,0,2,2
9455,3,3,2,3,1,0,2,2
9465,3,2,2,2,1,0,1,1
9466,3,4,4,2,2,0,2,2
9468,3,1,3,1,1,0,1,2
9473,1,4,1,1,2,0,2,1
9476,1,3,3,1,2,0,2,1
9490,2,3,1,1,4,0,2,1
9500,3,1,3,3,3,0,2,1
9502,4,2,1,1,2,0,2,1
9504,3,2,3,2,2,0,1,1
9506,4,3,1,1,4,0,2,2
9510,4,4,4,4,1,0,2,2
9511,1,2,1,2,4,0,2,1
9514,1,1,4,2,2,0,1,1
9515,2,4,1,2,4,0,1,2
9516,3,3,2,3,4,0,1,2
9518,4,4,3,4,4,0,2,1
9537,4,2,1,2,3,0,1,1
9541,1,2,3,4,3,0,1,1
9544,4,4,1,1,4,0,2,2
9545,4,3,3,4,2,0,2,2
9552,1,1,1,1,4,0,2,1
9557,3,1,3,1,2,0,1,1
9562,1,1,2,4,1,0,1,1
9590,2,4,1,1,4,0,1,2
9591,1,2,2,1,2,0,2,1
9601,1,1,3,3,1,0,1,1
9623,3,2,3,4,4,0,2,2
9640,1,4,1,1,3,0,2,1
9643,1,3,1,2,4,0,2,1
9647,1,1,3,3,2,0,2,1
9656,3,3,2,4,1,0,2,2
9658,3,3,1,2,2,0,1,1
9660,2,3,2,4,1,0,2,1
9678,3,1,4,4,1,0,2,2
9679,1,1,2,4,2,0,2,2
9688,1,1,3,1,4,0,2,1
9694,3,1,3,2,4,0,2,1
9697,3,2,2,2,2,0,1,2
9698,1,1,3,4,3,0,1,1
9699,4,3,3,3,4,0,2,2
9713,3,2,3,4,2,0,1,1
9718,3,3,2,1,3,0,2,1
9741,4,3,1,3,3,0,2,2
9744,1,2,4,4,1,0,2,1
9751,2,2,1,1,4,0,2,1
9760,1,1,2,4,4,0,1,1
9763,4,4,1,1,2,0,1,1
9764,3,4,1,1,4,0,2,1
9768,4,4,3,4,3,0,2,2
9769,4,3,4,2,4,0,2,1
9770,1,2,2,4,3,0,2,2
9779,1,2,4,4,1,0,2,1
9783,3,4,3,2,4,0,2,2
9785,2,3,3,3,1,0,2,1
9792,1,1,4,3,1,0,1,1
9794,2,3,2,2,4,0,1,2
9802,2,1,3,3,2,0,2,2
9814,1,1,2,3,1,0,2,2
9818,1,1,3,1,2,0,1,1
9819,2,1,2,2,4,0,1,1
9842,2,2,3,2,2,0,2,2
9863,2,1,4,4,2,0,2,1
9869,2,3,1,4,3,0,2,1
9878,2,1,2,2,2,0,2,2
9884,3,3,4,1,2,0,2,1
9886,2,1,1,2,3,0,1,1
9890,3,4,4,3,4,0,2,1
9897,1,2,2,3,3,0,2,2
9900,3,3,2,2,2,0,2,2
9909,3,1,3,3,1,0,2,1
9918,4,3,4,2,2,0,2,2
9923,3,2,2,2,2,0,2,2
9925,3,4,4,1,4,0,1,1
9927,3,4,2,2,4,0,2,2
9930,2,1,2,2,3,0,2,1
9938,4,2,1,1,4,0,2,2
9939,1,2,2,4,1,0,2,2
9940,1,2,4,3,4,0,2,1
9948,2,1,1,3,4,0,1,1
9950,4,1,4,4,3,0,1,1
9975,3,2,1,1,4,0,2,2
9979,3,3,4,1,2,0,2,2
9984,1,4,2,1,4,0,1,1
9988,3,3,3,4,2,0,2,1
9995,2,2,1,2,4,0,1,1
9998,3,1,4,4,2,0,1,1
10001,1,3,2,2,2,0,2,2
10003,3,2,1,1,4,0,2,2
10006,2,1,3,1,2,0,2,1
10011,4,3,4,1,4,0,2,2
10040,1,1,3,4,1,0,1,1
10045,2,1,4,4,1,0,1,1
10048,1,2,2,3,4,0,2,2
10049,3,2,2,1,1,0,1,1
10057,4,1,1,3,3,0,2,1
10062,3,3,1,1,3,0,1,1
10075,4,3,1,1,2,0,2,1
10083,1,2,3,3,1,0,1,2
10085,3,3,1,1,1,0,2,1
10090,2,4,3,1,4,0,2,2
10113,1,1,4,4,1,0,1,2
10115,1,3,2,4,1,0,2,1
10127,1,1,1,3,1,0,1,1
10129,3,2,3,3,4,0,2,2
10137,2,2,1,3,2,0,1,2
10140,1,3,2,1,1,0,1,1
10162,2,2,3,3,2,0,2,2
10170,1,3,1,1,1,0,2,2
10181,3,3,1,1,1,0,1,1
10187,3,1,4,3,2,0,2,1
10210,3,1,3,3,1,0,1,1
10221,2,2,3,1,3,0,1,2
10228,1,2,2,3,3,0,2,1
10229,4,4,1,1,4,0,2,2
10234,2,1,3,2,4,0,1,1
10242,1,2,4,4,1,0,1,1
10244,1,2,3,4,1,0,2,2
10245,1,4,3,2,2,0,1,1
10276,2,2,1,1,1,0,1,1
10282,1,4,4,4,1,0,2,1
10287,1,2,4,3,2,0,1,1
10323,2,2,4,4,1,0,2,2
10324,3,2,1,2,3,0,2,1
10329,3,3,2,3,4,0,2,2
10333,1,1,3,2,2,0,1,2
10334,3,1,1,1,2,0,1,1
10347,4,3,4,4,3,0,2,1
10351,1,3,3,3,1,0,1,1
10358,3,4,2,4,3,0,2,2
10360,2,2,3,1,1,0,1,1
10363,1,3,3,3,2,0,2,1
10371,4,3,1,1,4,0,2,2
10375,2,4,1,1,4,0,1,2
10384,2,1,4,4,2,0,2,1
10397,4,3,3,1,4,0,2,1
10410,3,1,4,4,2,0,2,1
10412,1,1,1,3,4,0,1,1
10413,3,3,1,1,2,0,2,2
10437,1,1,3,4,2,0,1,1
10438,1,1,2,3,1,0,2,1
10444,4,4,3,3,3,0,2,1
10451,3,4,1,1,3,0,1,2
10461,1,3,2,1,4,0,1,1
10466,1,2,2,3,1,0,2,1
10470,1,3,3,3,2,0,1,1
10472,2,4,1,3,2,0,2,2
10473,2,2,4,4,2,0,2,1
10491,2,3,3,1,2,0,2,2
10495,3,3,1,1,4,0,1,2
10506,1,3,3,3,4,0,1,1
10508,1,1,4,4,1,0,1,1
10511,3,4,1,1,4,0,2,2
10518,1,1,1,1,1,0,1,1
10523,1,3,1,1,2,0,1,1
10527,4,1,1,2,4,0,2,2
10528,2,1,1,2,2,0,1,1
10530,1,2,3,4,2,0,2,1
10541,3,3,3,1,4,0,2,1
10555,1,1,3,2,3,0,1,1
10561,1,1,4,4,1,0,1,1
10563,1,2,3,4,4,0,2,2
10566,3,1,1,2,2,0,1,2
10569,2,1,1,1,3,0,2,1
10589,2,4,3,1,1,0,2,1
10591,2,4,1,3,1,0,2,1
10601,1,2,3,4,2,0,2,2
10605,2,3,1,2,2,0,1,2
10621,3,3,1,2,3,0,1,1
10633,2,3,2,1,3,0,1,2
10635,2,2,3,2,1,1,2,2
10639,2,4,1,2,4,0,2,1
10648,3,2,1,1,3,0,1,1
10696,1,2,4,3,2,0,2,2
10698,4,3,1,2,4,0,2,1
10704,1,1,4,2,1,0,2,1
10713,2,4,1,2,2,0,1,1
10718,4,1,3,4,1,0,2,2
10720,2,2,3,3,2,0,1,1
10725,2,1,1,3,3,0,2,1
10731,2,4,2,1,3,0,1,1
10734,3,2,3,1,1,0,1,1
10742,3,4,1,2,2,0,2,1
10750,2,2,4,4,1,0,1,1
10758,3,1,3,4,3,0,2,2
10767,1,1,4,4,2,0,2,2
10776,1,4,1,2,4,0,2,2
10783,1,2,4,1,4,0,1,1
10786,2,2,4,4,1,0,2,2
10797,2,2,3,1,4,0,2,1
10801,4,4,3,3,2,0,1,1
10815,4,2,4,4,2,0,1,1
10816,2,2,1,1,4,0,1,1
10823,2,2,1,3,4,0,1,1
10828,2,2,4,3,2,0,2,1
10830,2,3,3,3,3,0,2,2
10833,2,3,3,3,4,0,1,1
10840,2,3,1,1,3,0,1,1
10848,1,4,4,4,4,0,2,2
10861,3,4,3,3,3,0,1,2
10885,3,2,1,1,4,0,1,1
10904,2,4,1,1,4,0,1,1
10913,4,1,1,3,3,0,2,1
10916,3,2,3,2,4,0,2,2
10920,2,4,1,1,1,0,2,2
10956,3,3,4,3,3,0,1,2
10957,1,4,2,1,1,0,1,1
10960,3,1,2,3,1,0,1,1
10962,3,3,1,2,2,0,2,2
10966,3,4,3,3,1,0,2,1
10970,3,4,3,3,2,0,1,1
10976,1,2,4,4,1,0,1,1
10981,3,4,1,1,2,0,1,2
11002,3,2,3,2,1,0,2,1
11004,1,1,2,1,1,0,1,1
11016,2,1,2,2,3,0,2,2
11023,4,3,2,3,4,0,2,1
11025,3,1,4,3,2,0,1,1
11032,2,1,4,2,3,0,1,2
11041,4,1,1,1,4,0,1,2
11045,4,3,1,2,3,0,1,1
11068,3,1,2,4,3,1,2,2
11074,2,2,1,3,2,0,1,1
11076,4,4,1,2,4,0,2,1
11081,3,4,3,4,4,0,2,1
11108,3,4,1,2,2,0,2,2
11124,3,3,1,2,1,0,2,1
11125,3,4,3,1,3,0,2,2
11129,4,2,1,1,2,0,1,1
11136,2,2,3,4,4,0,1,1
11139,3,2,1,2,3,0,2,1
11149,3,2,3,4,3,0,2,2
11159,3,2,3,4,4,0,2,2
11169,2,1,1,4,3,0,1,1
11170,4,3,3,2,3,0,2,2
11178,1,2,4,3,1,0,2,2
11183,3,4,1,3,2,0,1,2
11188,2,2,3,2,3,0,1,1
11195,2,4,1,1,4,0,1,1
11197,1,2,4,2,4,0,2,1
11200,3,4,3,4,2,0,2,2
11209,4,2,1,2,2,0,2,2
11213,3,3,3,2,1,0,1,1
11217,1,2,4,4,1,0,2,1
11226,1,3,4,4,1,0,2,2
11229,1,2,3,2,1,0,1,1
11239,3,2,4,4,1,0,2,1
11241,3,2,3,4,4,0,2,2
11242,2,3,1,1,1,0,2,1
11243,1,1,3,4,3,0,1,2
11251,3,4,1,4,1,0,2,1
11255,1,4,1,2,3,0,1,1
11263,1,3,1,3,3,0,1,1
11269,2,4,1,3,4,0,1,1
11273,1,3,3,3,2,0,1,2
11287,3,4,3,1,3,0,2,2
11288,1,2,4,4,1,0,1,1
11293,1,3,2,4,1,0,2,1
11296,4,1,1,1,3,0,1,1
11306,2,2,3,3,4,0,1,1
11311,4,4,3,4,2,0,2,1
11323,1,2,2,1,2,0,1,1
11330,1,3,1,1,1,0,2,1
11335,3,1,2,3,2,0,2,2
11337,1,3,3,2,1,0,1,1
11346,3,3,2,4,2,0,1,1
11357,1,2,2,3,2,0,1,2
11367,1,1,3,4,1,0,1,1
11377,1,2,2,1,4,0,1,1
11381,2,3,2,1,2,0,2,1
11392,3,1,1,4,2,0,2,1
11401,3,3,3,1,4,0,1,2
11415,3,2,3,2,1,0,1,1
11418,3,4,3,1,4,0,2,2
11423,1,4,2,1,4,0,2,1
11433,2,3,1,1,2,0,1,1
11434,2,4,2,3,2,0,2,1
11436,3,2,4,1,1,0,2,2
11440,1,4,1,1,3,0,1,2
11442,3,2,3,4,2,0,1,1
11445,1,3,3,3,2,0,2,1
11446,1,2,3,4,1,0,2,2
11447,1,3,2,2,4,0,1,1
11451,3,3,1,4,2,0,2,2
11462,4,1,2,4,1,0,1,2
11468,3,2,3,3,4,0,1,1
11471,2,3,2,2,4,0,1,1
11473,1,2,2,3,2,0,2,2
11479,2,4,2,1,2,0,1,2
11483,4,3,2,4,1,0,2,1
11499,3,4,1,1,3,0,1,2
11517,2,3,4,4,1,0,2,2
11532,4,3,3,2,2,0,2,1
11546,3,2,3,3,1,0,2,1
11561,4,3,1,1,2,0,1,1
11567,3,2,1,3,4,0,1,1
11568,3,3,3,4,2,0,2,2
11573,3,3,1,1,1,0,2,1
11575,1,4,1,3,4,0,2,2
11591,4,3,4,4,1,0,2,2
11601,3,4,1,1,4,0,2,1
11603,4,4,1,1,4,0,2,2
11607,1,4,3,3,1,0,2,2
11612,4,2,1,1,4,0,1,2
11626,2,1,3,4,1,0,2,2
11628,3,2,3,1,1,0,2,1
11635,1,2,3,3,1,1,1,1
11641,1,4,3,4,1,0,1,1
11652,1,2,1,1,4,0,1,1
11653,3,3,1,3,2,0,1,2
11659,2,1,2,1,3,0,2,2
11661,2,2,4,2,1,0,1,1
11663,1,3,2,2,2,0,1,1
11667,3,2,2,3,4,0,2,1
11668,1,3,3,1,4,0,2,1
11670,4,1,1,1,1,0,1,1
11683,4,3,4,1,3,0,2,2
11684,1,1,4,4,3,0,1,1
11701,2,3,3,4,3,0,2,2
11712,3,1,4,3,3,0,2,2
11718,4,3,3,4,2,0,1,2
11720,2,2,1,1,2,0,1,1
11727,3,3,1,4,3,0,2,1
11728,1,2,3,4,2,0,1,1
11731,3,4,1,3,2,0,2,1
11736,1,1,2,3,1,0,1,1
11741,3,2,4,3,1,0,2,1
11744,3,1,2,2,3,0,2,2
11762,2,3,2,1,2,0,2,1
11777,2,1,3,2,3,0,2,1
11784,2,1,2,3,1,0,1,2
11789,1,4,1,1,2,0,2,2
11791,3,2,2,3,1,0,1,2
11794,2,3,3,4,1,0,2,2
11803,1,3,2,4,1,0,1,1
11810,1,1,4,4,3,0,1,2
11811,1,2,3,4,4,0,2,1
11825,3,4,1,1,4,0,1,1
11828,4,2,1,1,2,0,2,2
11847,1,3,4,4,1,0,1,1
11851,4,3,1,1,4,0,2,1
11859,2,3,2,2,1,0,1,1
11860,4,4,1,1,4,0,2,2
11864,1,1,4,1,2,0,1,1
11875,4,3,4,3,2,0,2,1
11879,2,3,4,3,4,0,2,1
11884,1,1,3,2,3,0,1,1
11893,4,2,2,3,3,0,1,1
11895,1,3,3,4,3,0,2,1
11909,2,4,3,2,3,0,2,2
11917,2,1,1,2,2,0,2,1
11919,1,1,4,3,2,0,2,1
11929,1,3,1,1,3,0,2,1
11939,1,3,1,2,2,0,2,1
11955,1,2,4,4,1,0,2,1
11959,1,2,1,1,1,0,1,1
11960,1,1,4,1,2,0,2,2
11968,3,4,1,2,1,0,2,2
11986,1,3,1,1,4,0,2,2
11991,3,3,2,1,4,0,1,2
11994,2,3,2,2,4,0,2,1
11999,3,4,3,3,3,0,1,2
12002,2,1,3,4,4,0,1,1
12007,2,4,1,1,4,0,2,2
12018,2,2,4,4,1,0,2,2
12021,3,2,4,3,1,0,1,1
12027,1,2,3,3,1,0,1,2
12029,2,1,1,1,2,0,2,1
12035,2,3,3,4,1,0,2,1
12041,1,3,3,1,3,0,2,2
12050,1,2,1,1,1,0,1,1
12056,3,1,3,1,1,0,2,2
12060,4,1,2,3,3,0,1,1
12061,2,3,3,2,4,0,1,1
12063,3,2,1,1,4,0,2,1
12073,3,1,4,4,3,0,2,2
12078,1,4,2,1,4,0,2,1
12081,2,4,2,2,2,0,2,2
12084,1,3,2,4,1,0,1,1
12091,1,1,3,4,3,0,2,2
12094,2,2,1,2,2,0,1,2
12126,1,2,3,1,2,0,1,1
12133,2,2,1,2,4,0,2,1
12136,1,1,3,1,2,0,1,2
12139,2,3,1,4,2,0,2,2
12142,2,3,1,1,3,0,1,1
12186,4,2,3,4,4,0,2,2
12188,2,3,1,1,4,0,1,1
12191,1,2,1,2,3,0,2,2
12194,3,3,4,4,2,0,2,2
12201,1,2,3,4,1,0,1,1
12211,2,2,1,2,4,0,1,2
12213,3,4,4,4,4,0,2,2
12224,3,3,3,4,3,0,2,1
12226,4,1,3,4,4,0,1,1
12237,1,2,3,2,2,0,2,1
12253,2,4,3,1,1,0,1,2
12262,3,3,2,4,2,0,1,1
12263,3,3,3,2,2,0,2,1
12268,3,1,1,1,4,0,1,1
12269,2,1,2,4,3,0,1,1
12270,1,1,3,4,1,0,1,1
12273,1,2,3,3,3,0,2,1
12281,4,3,3,4,4,0,2,2
12282,3,1,4,3,3,0,1,2
12289,1,3,3,3,3,0,1,1
12294,1,3,3,4,3,0,1,1
12297,2,1,2,1,1,0,1,1
12300,3,4,1,1,1,0,2,1
12306,4,4,1,3,1,0,2,2
12308,1,1,1,2,3,0,1,1
12309,1,4,3,1,1,0,1,2
12310,4,3,1,1,4,0,1,1
12312,1,2,1,1,2,0,1,1
12315,3,1,1,2,3,0,1,1
12318,2,3,3,1,2,0,2,1
12321,3,2,2,4,1,0,2,2
12329,4,2,1,1,2,0,1,1
12331,1,3,1,1,4,0,1,1
12334,2,4,4,3,4,0,2,1
12343,2,2,3,1,4,0,1,1
12345,4,3,1,1,4,0,1,2
12358,1,1,2,1,2,0,1,1
12363,4,2,1,1,3,0,2,2
12365,1,3,1,1,2,0,1,1
12367,3,3,1,3,4,0,2,2
12370,4,2,4,3,3,0,2,2
12373,4,2,4,1,3,0,2,1
12377,4,3,1,1,2,0,2,2
12380,2,4,1,2,4,0,2,2
12381,1,1,2,3,1,0,2,1
12388,1,1,1,3,3,0,1,1
12406,3,1,2,1,1,0,1,2
12410,3,3,3,1,3,0,2,2
12437,1,2,1,2,1,0,1,1
12444,2,3,1,1,4,0,1,1
12446,1,2,3,2,1,0,1,1
12447,4,3,1,1,3,0,1,2
12451,4,2,1,1,2,0,1,2
12460,1,2,1,2,2,0,2,2
12462,1,3,2,3,3,0,1,1
12465,1,2,3,1,1,0,2,1
12471,2,3,1,2,2,0,1,1
12483,1,1,4,4,2,0,2,1
12491,4,3,1,1,4,0,1,2
12493,3,3,1,1,4,0,2,1
12496,2,4,1,1,1,0,2,1
12502,1,1,3,3,1,0,1,1
12504,4,3,1,1,2,0,2,2
12519,4,3,3,3,1,0,1,1
12521,2,1,1,2,3,0,1,2
12522,2,1,1,1,3,0,2,1
12532,2,3,1,2,1,0,1,1
12533,1,2,3,2,3,0,2,1
12534,4,3,2,3,3,0,1,1
12537,4,3,4,3,3,0,1,1
12546,3,1,1,2,3,0,1,1
12549,1,3,1,1,2,0,2,2
12553,4,3,1,2,2,0,2,2
12556,3,2,2,1,2,0,2,2
12563,3,2,3,4,3,0,1,2
12568,3,1,4,4,4,0,2,2
12571,2,2,1,3,4,0,1,2
12573,4,4,3,1,4,0,1,1
12575,3,3,3,1,4,0,1,1
12578,4,2,3,4,2,0,2,2
12582,2,1,4,3,1,0,2,1
12587,4,2,2,2,4,0,2,2
12595,3,2,4,3,1,0,1,2
12600,1,1,1,3,3,0,2,1
12601,4,2,1,2,3,0,1,2
12614,3,3,1,1,3,0,2,2
12631,3,1,4,4,1,0,1,1
12635,4,3,1,1,3,0,2,2
12638,3,4,2,2,4,0,2,2
12643,3,4,1,2,2,0,1,1
12644,4,3,2,1,4,0,2,1
12645,3,2,2,3,1,0,2,2
12649,2,3,3,3,4,0,1,2
12652,3,4,3,2,3,0,1,1
12656,2,3,3,1,2,0,2,1
12664,1,4,1,1,1,0,1,1
12675,2,3,3,3,2,0,2,2
12682,2,2,3,3,2,0,2,1
12683,4,4,1,1,3,0,1,1
12693,1,2,2,4,1,0,2,2
12698,3,1,1,1,2,0,1,1
12705,2,1,4,4,3,0,1,1
12706,3,2,1,1,3,0,1,1
12712,1,3,2,2,2,0,2,1
12714,2,3,1,1,2,0,1,2
12723,1,3,3,4,3,0,1,2
12726,1,4,3,3,3,0,2,2
12733,3,3,2,2,1,0,1,2
12737,4,3,3,2,1,0,2,2
12741,2,3,1,1,4,0,1,1
12743,4,1,3,4,1,0,1,1
12760,4,4,2,2,3,0,2,2
12770,4,4,1,3,1,0,2,1
12774,1,4,1,1,4,0,1,1
12783,1,4,1,4,4,0,2,2
12786,4,4,1,2,2,0,2,2
12796,2,2,1,1,2,0,1,2
12806,3,1,2,2,2,0,1,1
12807,4,2,1,2,4,0,2,2
12808,1,4,3,4,4,0,2,1
12809,3,2,3,4,4,0,1,1
12817,3,1,3,4,2,0,2,2
12818,3,4,4,4,2,0,2,2
12823,3,1,4,4,1,0,2,2
12824,1,3,3,2,1,0,1,1
12828,3,2,1,1,4,0,1,1
12829,1,4,1,3,1,0,2,1
12830,3,4,1,2,4,0,1,1
12833,3,2,2,1,2,0,1,2
12840,1,1,1,2,1,0,1,2
12843,3,1,4,4,1,0,1,1
12852,4,1,1,3,1,0,2,1
12853,1,1,3,2,3,0,1,2
12856,4,1,2,4,2,0,1,2
12858,1,2,1,1,4,0,1,2
12865,1,2,3,2,2,0,2,1
12869,1,1,1,2,4,0,2,2
12872,1,3,3,4,3,0,2,1
12874,2,1,2,3,3,0,1,2
12876,1,3,2,2,1,0,2,2
12890,2,3,3,4,3,0,2,1
12894,1,3,3,1,1,0,2,1
12897,1,3,1,2,2,0,1,1
12898,1,3,1,1,1,0,1,1
12903,2,4,1,2,2,0,2,1
12912,2,2,1,2,4,0,1,1
12919,2,1,2,1,4,0,2,2
12922,2,2,1,2,3,0,1,1
12925,3,3,3,3,1,0,2,2
12931,4,4,3,2,3,0,2,2
12939,3,3,3,2,4,0,1,2
12941,3,2,3,3,2,0,2,2
12953,4,3,3,2,4,0,1,1
12961,3,1,4,3,1,0,1,2
12962,1,1,3,2,2,0,1,1
12965,3,2,2,4,1,0,2,1
12967,1,1,3,2,2,0,2,2
12970,4,1,1,1,2,0,1,2
12978,3,4,1,2,4,0,1,1
12988,2,3,3,1,3,0,2,1
12998,4,2,3,4,2,0,1,1
13002,3,1,3,2,3,0,1,2
13009,1,2,4,4,3,0,2,2
13031,1,1,1,1,4,0,1,1
13033,3,1,2,1,1,0,1,2
13042,2,3,1,3,2,0,2,1
13047,3,3,1,2,3,0,1,2
13065,1,2,1,2,4,0,1,1
13070,4,4,2,1,4,0,2,1
13074,3,3,2,3,1,0,2,1
13080,3,1,2,1,2,0,2,1
13081,1,1,4,4,2,0,2,1
13096,3,3,1,1,2,0,1,2
13102,1,2,2,1,1,0,1,1
13111,2,2,1,2,2,0,2,1
13113,4,3,3,3,4,0,1,2
13116,1,2,1,4,1,0,1,1
13121,1,1,3,2,2,0,2,1
13122,1,4,1,1,4,0,1,1
13125,4,4,1,1,2,0,2,2
13141,1,1,4,2,3,0,2,1
13148,3,3,3,3,4,0,1,1
13149,1,2,3,4,2,0,2,1
13153,2,3,3,3,2,0,2,2
13159,1,3,2,2,1,0,2,1
13172,4,3,2,4,2,0,2,2
13180,1,1,1,1,4,0,1,1
13183,2,3,4,2,2,0,2,1
13186,3,3,3,3,2,0,2,2
13198,3,3,1,2,1,0,1,1
13211,2,3,2,2,4,0,1,1
13220,2,4,1,1,4,0,1,2
13229,4,2,1,2,3,0,2,2
13249,4,4,1,1,3,0,2,1
13255,4,4,1,2,1,0,2,1
13260,1,1,4,3,2,0,1,1
13266,2,1,2,1,4,0,1,1
13286,4,2,1,2,4,0,1,2
13287,3,4,1,2,3,0,2,2
13289,2,3,1,3,3,1,2,1
13295,2,1,1,2,3,0,1,1
13297,4,1,1,2,2,0,1,2
13308,3,1,2,1,4,0,1,1
13313,4,1,1,4,4,0,1,1
13317,4,2,2,2,4,0,2,2
13328,2,3,1,3,3,0,2,1
13329,1,3,1,1,2,0,1,1
13331,4,3,1,1,2,0,2,1
13333,4,1,3,3,3,0,1,1
13334,1,2,3,2,1,0,2,1
13335,1,1,4,4,1,0,1,1
13338,4,1,1,1,1,0,1,1
13342,4,3,4,4,1,0,2,2
13343,2,1,3,2,3,0,1,1
13351,3,2,3,3,1,0,1,1
13355,4,1,3,1,3,0,1,1
13359,3,3,4,2,4,0,2,2
13369,1,1,2,4,1,0,1,1
13372,3,2,3,2,1,0,1,1
13382,2,4,3,3,2,0,1,1
13386,3,1,1,1,4,0,1,1
13388,1,2,3,1,3,0,1,2
13389,3,3,1,2,4,1,2,2
13390,4,1,1,4,1,0,1,2
13397,3,2,4,1,3,0,1,1
13400,2,3,1,1,4,0,1,2
13402,1,3,1,2,4,0,1,1
13415,4,2,1,1,2,0,1,1
13420,3,3,4,4,2,0,2,2
13425,1,4,1,2,2,0,1,1
13427,3,4,4,4,2,0,2,2
13432,3,2,2,3,3,0,1,2
13439,1,4,2,1,3,0,2,1
13441,4,2,1,2,4,0,1,2
13444,2,3,4,4,1,0,2,1
13449,3,4,1,1,2,0,1,1
13451,1,3,1,1,3,0,1,1
13452,4,3,1,1,3,0,1,2
13462,3,3,1,1,4,0,1,1
13470,3,2,4,2,3,0,1,1
13471,2,1,2,3,2,0,1,2
13498,2,3,4,2,1,0,1,1
13534,1,2,2,1,3,0,2,2
13537,2,3,1,1,2,0,1,1
13540,2,3,1,1,3,0,2,2
13547,3,4,1,1,4,0,2,2
13551,4,4,4,2,2,0,1,1
13591,3,2,1,2,4,0,2,2
13597,1,2,1,1,4,0,1,1
13601,2,2,4,2,4,0,1,2
13612,2,1,2,2,3,0,1,2
13613,4,3,1,2,3,0,2,2
13615,1,2,3,3,2,0,1,1
13622,1,3,2,3,2,0,2,2
13626,3,3,1,1,2,0,2,2
13631,1,2,2,2,3,0,1,1
13634,1,4,1,3,1,0,2,2
13648,4,4,3,2,2,0,1,2
13650,1,2,2,3,3,0,1,1
13658,4,4,3,2,4,0,2,2
13660,3,4,1,1,3,0,1,1
13670,1,2,1,3,1,0,1,2
13672,1,4,1,1,1,0,1,1
13675,3,2,4,4,3,0,1,2
13681,1,1,4,4,2,0,2,1
13683,3,3,1,4,4,0,1,1
13685,2,2,1,2,3,0,1,2
13686,2,3,2,1,1,0,1,2
13696,1,2,3,2,3,0,1,2
13697,2,3,1,2,3,0,1,1
13701,4,2,1,3,4,0,1,1
13704,3,4,1,3,1,0,1,1
13744,3,4,1,4,3,0,1,1
13745,1,1,4,2,1,0,1,2
13749,2,3,3,2,1,0,2,1
13752,4,4,1,3,4,0,2,2
13754,1,4,2,4,1,0,2,1
13762,1,3,2,2,2,0,1,1
13765,2,3,3,2,3,0,2,2
13768,2,1,3,1,4,0,1,1
13777,1,4,2,3,3,0,1,1
13778,2,4,1,2,4,1,2,2
13780,3,2,4,4,1,0,2,1
13785,1,4,3,1,2,0,2,2
13792,1,1,2,2,2,0,1,1
13795,1,4,4,1,3,0,2,1
13802,1,2,4,3,1,0,1,2
13824,4,3,1,1,2,0,1,1
13847,1,3,3,1,4,0,2,1
13852,1,3,4,4,2,0,2,1
13854,3,3,3,2,3,0,2,1
13855,1,4,3,3,1,0,1,2
13856,3,3,4,4,4,0,2,1
13861,1,2,3,4,3,0,2,1
13863,1,4,2,4,3,0,2,2
13869,1,1,2,1,3,0,2,1
13870,4,2,3,3,4,0,2,1
13874,4,2,3,2,4,0,2,1
13880,3,3,4,3,1,0,2,2
13882,1,2,2,4,1,0,1,1
13884,2,4,4,4,1,0,1,2
13889,4,4,3,1,3,0,2,1
13891,2,3,1,1,3,0,2,2
13906,1,2,1,1,3,0,1,1
13908,1,4,4,4,1,0,2,1
13910,4,3,3,2,2,0,1,1
13911,4,3,3,3,4,0,2,2
13920,1,2,1,1,3,0,1,1
13928,3,3,1,1,4,0,1,2
13953,1,3,2,3,3,0,1,2
13956,3,2,1,1,3,0,1,1
13966,1,3,2,1,2,0,2,1
13968,4,2,1,3,4,0,2,2
13969,3,3,2,3,3,0,1,1
13971,1,3,1,1,1,0,2,1
13979,2,3,3,2,4,0,1,2
13981,2,4,1,2,2,0,1,1
13989,2,4,1,2,2,0,1,1
13991,2,4,2,1,3,0,2,1
14000,2,1,1,4,4,0,2,1
14008,2,2,3,3,3,0,1,1
14010,2,3,3,4,1,0,2,2
14012,3,4,1,2,3,0,1,1
14016,4,4,2,1,4,0,2,1
14017,4,1,1,1,4,0,1,2
14025,3,4,2,1,4,0,2,1
14030,1,3,4,1,2,0,2,2
14032,4,4,3,4,3,0,2,2
14033,3,4,1,2,3,0,2,2
14034,2,2,4,3,4,0,1,1
14042,2,1,1,1,3,0,1,1
14047,1,2,4,3,1,0,1,2
14050,1,1,1,4,3,0,2,1
14052,4,4,1,2,3,0,1,1
14054,3,4,1,1,2,0,1,1
14061,4,1,1,1,3,0,1,2
14062,2,4,1,1,2,0,1,1
14067,1,1,1,2,2,0,1,1
14072,1,3,2,4,4,0,1,1
14074,2,2,1,3,4,0,2,2
14084,1,4,1,1,4,0,2,1
14091,1,1,3,3,2,0,1,1
14096,2,4,2,4,2,0,1,1
14112,1,3,1,1,3,0,1,1
14116,1,2,3,4,1,0,2,1
14122,3,3,1,4,3,0,1,2
14125,3,2,1,4,1,0,2,1
14139,4,3,3,2,1,0,2,2
14141,3,3,2,1,2,0,2,2
14147,3,3,3,2,3,0,2,2
14148,2,2,4,3,4,0,2,1
14163,2,1,2,3,1,0,2,2
14177,4,4,1,2,4,0,2,1
14181,1,1,3,4,1,0,1,1
14182,1,4,1,2,4,0,1,1
14184,3,1,1,3,2,0,1,1
14188,3,2,1,3,4,0,2,1
14198,1,4,2,2,2,0,1,2
14200,1,2,3,2,3,0,1,1
14229,2,3,1,1,4,0,2,2
14230,3,4,2,1,2,0,1,1
14231,3,1,1,3,3,0,1,1
14234,2,1,4,4,4,0,1,1
14238,3,2,4,3,2,0,1,1
14254,2,4,4,2,3,0,1,1
14255,1,3,3,3,1,0,2,2
14257,4,1,2,2,1,0,2,2
14259,1,1,1,2,4,0,1,2
14263,4,4,1,1,4,0,2,2
14266,1,2,2,1,1,0,1,1
14269,4,4,2,3,1,0,2,2
14280,4,3,3,4,3,0,2,1
14316,3,4,3,3,4,0,2,2
14325,2,3,1,1,2,0,1,2
14341,2,3,1,1,2,0,1,2
14344,3,4,1,1,4,0,2,2
14346,1,2,3,2,2,0,1,1
14348,1,3,2,3,4,0,2,1
14355,1,3,4,4,1,0,2,1
14372,2,3,2,2,1,0,2,2
14383,4,3,1,1,4,0,2,1
14387,3,1,3,3,1,0,1,1
14390,3,2,4,3,4,0,1,1
14391,3,4,2,3,2,0,2,2
14404,3,2,2,1,4,0,1,1
14407,1,1,3,1,3,0,2,1
14427,3,1,4,3,4,0,2,1
14443,1,3,1,3,3,0,1,2
14444,3,2,1,3,4,0,2,2
14446,3,3,3,1,4,0,1,1
14452,1,3,2,1,1,0,2,1
14453,3,2,2,3,2,0,2,1
14457,1,3,2,2,3,0,2,2
14500,3,4,3,4,1,0,1,1
14515,4,1,1,1,2,0,1,2
14526,4,2,1,1,4,0,2,1
14536,4,1,3,3,4,0,2,2
14537,1,2,2,4,3,0,2,2
14541,3,2,2,4,1,0,1,2
14554,1,2,3,1,2,0,2,1
14565,4,3,1,1,4,0,2,2
14572,2,1,3,1,4,0,1,1
14582,1,4,3,4,1,0,2,2
14588,1,1,1,3,1,0,1,1
14601,2,4,3,1,3,0,2,1
14602,2,2,2,2,2,0,1,1
14609,4,3,1,2,3,0,1,1
14615,3,3,1,1,4,0,2,2
14618,1,1,4,1,4,0,1,1
14621,1,2,1,1,2,0,1,2
14627,1,3,1,1,4,0,2,1
14662,3,3,4,4,1,0,1,1
14666,4,3,4,2,2,0,1,1
14670,2,2,4,2,1,0,2,1
14673,4,3,4,3,3,0,2,1
14683,3,2,3,2,3,0,2,1
14713,3,4,1,1,2,0,2,1
14718,3,2,3,1,4,0,2,1
14720,3,1,1,1,3,0,1,1
14724,4,2,3,4,4,0,2,2
14730,1,3,4,4,1,0,2,2
14740,2,4,1,3,3,0,1,1
14744,1,3,2,1,3,0,1,1
14761,1,3,3,1,3,0,2,1
14771,1,2,3,2,1,0,2,1
14787,2,4,1,1,3,0,1,2
14792,3,4,3,1,4,0,2,1
14796,4,3,3,2,4,0,2,1
14802,1,2,3,2,3,0,1,1
14803,1,4,4,1,2,0,1,1
14811,4,4,2,2,4,0,1,1
14822,4,4,3,3,1,0,2,2
14825,4,3,1,1,3,0,1,1
14833,2,2,4,3,3,0,1,1
14835,2,2,1,2,4,0,2,1
14837,3,3,3,3,3,0,2,1
14845,1,4,1,1,2,0,2,1
14847,1,3,3,3,1,0,2,2
14851,2,2,2,1,3,0,2,1
14861,1,2,3,3,2,0,1,1
14865,3,3,2,3,4,0,1,1
14867,2,1,1,2,4,0,1,1
14874,1,2,3,3,4,0,2,1
14887,1,2,1,1,3,0,2,1
14898,2,2,4,4,1,0,2,1
14904,1,4,1,1,3,0,2,2
14926,1,1,4,4,1,0,1,1
14929,1,1,4,4,1,0,1,2
14934,3,1,1,1,4,0,2,1
14935,1,4,3,4,1,0,2,1
14936,1,4,4,2,2,0,2,1
14953,1,1,3,3,1,0,2,1
14954,1,2,1,1,4,0,1,2
14955,1,1,1,1,4,0,2,1
14971,3,4,1,1,4,0,2,1
14980,3,3,2,1,2,0,1,2
14983,4,1,3,4,1,0,2,2
14992,2,3,1,1,2,0,1,2
14998,4,4,1,3,2,0,2,1
14999,4,3,1,1,4,0,1,1
15002,3,3,3,3,1,0,2,1
15018,3,2,4,4,1,1,2,2
15023,2,2,4,4,3,0,2,2
15071,1,4,1,2,3,1,2,1
15073,4,2,4,3,1,0,2,2
