CASE,Y_proclSpeed_r,Y_proclDui_r,Y_proclRob_r,Y_proclKill_r,Y_proclProstitute_r,Y_proclRape_r,Y_proclZoo_r,Y_proclPublic_r,Y_proclPornChild_r,Y_proclPornChildDarknet_r,Y_proclChatChild_r,Y_proclGiftChild_r,Y_proclSexChild_r,Y_proclPornYp_r,Y_proclChatYp_r,Y_proclGiftYp_r,Y_proclSexYp_r
407,1,0,1,1,1,0,0,0,0,0,0,0,0,0,0,0,0
426,1,1,0,0,0,0,0,0,0,0,0,0,0,0,0,0,0
428,1,1,1,0,1,0,0,1,0,0,0,0,0,0,0,0,0
436,1,0,1,0,1,0,0,1,0,0,0,0,0,0,0,0,0
441,1,0,1,0,0,0,0,0,0,0,0,0,0,0,0,0,0
446,1,1,1,0,0,0,0,0,0,0,0,0,0,0,0,0,0
452,1,1,1,0,1,0,0,1,0,0,0,0,0,0,0,0,0
467,1,1,1,0,0,1,0,0,0,0,0,0,0,0,0,0,0
502,1,0,1,0,0,0,0,0,0,0,0,0,0,0,0,0,0
507,1,0,1,0,0,0,0,0,0,0,0,0,0,0,0,0,0
517,1,0,1,1,0,0,0,0,0,0,0,0,0,0,0,0,1
523,1,0,1,0,0,0,0,0,0,0,0,0,0,0,0,0,0
531,1,0,1,0,0,0,0,0,0,0,0,0,0,0,0,0,0
532,1,1,1,0,0,0,0,0,0,0,0,0,0,0,0,0,0
543,1,0,0,0,0,0,0,0,0,0,0,0,0,0,0,0,0
548,1,1,1,0,0,0,0,0,0,0,0,0,0,0,0,0,0
554,0,0,0,0,0,0,0,0,0,0,0,0,0,0,0,0,0
556,1,0,1,0,0,0,0,0,0,0,0,0,0,0,0,0,0
558,1,0,1,1,0,0,0,0,0,0,0,0,0,0,0,0,0
566,1,1,1,0,1,0,0,1,0,0,0,0,0,0,0,0,0
589,1,1,1,0,1,0,0,1,0,0,0,0,0,0,0,0,0
590,1,0,0,0,0,0,0,0,0,0,0,0,0,0,0,0,0
592,1,0,1,0,0,0,0,0,0,0,0,0,0,0,0,0,0
601,1,0,1,1,0,0,0,0,0,0,0,0,0,0,0,0,0
603,1,1,0,0,0,0,0,0,0,0,0,0,0,0,0,0,0
605,1,0,0,0,0,0,0,0,0,0,0,0,0,0,0,0,0
606,1,1,1,0,0,0,0,0,0,0,0,0,0,0,0,0,0
621,0,0,0,0,1,0,0,0,0,0,0,0,0,0,0,0,0
626,1,0,1,0,0,0,0,0,0,0,0,0,0,0,0,0,0
639,1,0,0,0,0,0,0,0,0,0,0,0,0,0,0,0,0
640,1,1,0,0,0,0,0,0,0,0,0,0,0,0,0,0,0
663,1,0,0,0,0,0,0,0,0,0,0,0,0,0,0,0,0
671,1,1,0,0,0,0,0,1,0,0,0,0,0,0,0,0,0
672,1,1,1,0,0,0,0,0,0,0,0,0,0,0,0,0,0
676,1,1,1,0,1,0,0,0,0,0,0,0,0,0,0,0,0
684,1,1,1,0,0,0,0,1,0,0,0,0,0,1,1,0,1
686,1,1,0,0,0,0,0,0,0,0,0,0,0,0,1,0,0
687,1,1,1,0,0,0,0,0,0,0,0,0,0,0,0,0,0
702,1,1,0,0,0,0,0,0,0,0,0,0,0,0,0,0,0
711,0,0,0,0,0,0,0,0,0,0,0,0,0,0,0,0,0
728,1,0,0,0,0,0,0,1,0,0,0,0,0,0,0,0,0
729,1,1,1,1,0,0,0,0,0,0,0,0,0,0,0,0,0
732,1,0,0,0,1,0,0,0,0,0,0,0,0,0,0,0,0
734,0,1,0,0,0,0,0,0,0,0,0,0,0,0,0,0,0
737,0,0,0,0,0,0,0,0,0,0,0,0,0,0,0,0,0
739,1,1,1,0,0,0,0,0,0,0,0,0,0,0,0,0,0
744,1,1,1,1,0,0,0,0,0,0,0,0,0,0,0,0,0
747,1,0,1,0,0,0,0,0,0,0,0,0,0,0,0,0,0
757,1,1,0,0,0,0,0,0,0,0,0,0,0,0,0,0,0
759,1,1,0,0,0,0,0,0,0,0,0,0,0,0,0,0,0
761,0,0,0,0,0,0,0,0,0,0,0,0,0,0,0,0,0
764,1,0,0,0,0,0,0,0,0,0,0,0,0,0,0,0,0
770,1,0,0,0,0,0,0,0,0,0,0,0,0,0,0,0,0
777,1,0,0,0,0,0,0,0,0,0,0,0,0,0,0,0,0
779,1,0,1,0,0,0,0,0,0,0,0,0,0,0,0,0,0
785,1,0,0,0,0,0,0,0,0,0,0,0,0,0,0,0,0
788,1,1,1,0,1,0,0,1,0,0,0,0,0,0,0,0,0
797,1,1,1,0,0,0,0,0,0,0,0,0,0,0,0,0,0
806,1,0,0,0,0,0,0,0,0,0,0,0,0,0,0,0,0
834,1,0,1,0,0,0,0,1,0,0,0,0,0,0,0,0,0
836,1,1,1,0,1,0,0,0,0,0,0,0,0,0,0,0,0
879,0,0,1,0,0,0,0,1,0,0,0,0,0,0,0,0,0
889,1,0,1,0,0,0,0,0,0,0,0,0,0,0,0,0,0
904,1,1,0,0,0,0,0,1,0,0,0,0,0,0,0,0,0
918,1,0,0,0,1,0,1,1,0,0,0,0,0,0,0,0,0
924,1,1,1,0,1,0,0,1,0,0,0,0,0,0,0,0,0
969,1,1,1,1,1,1,0,1,0,0,0,0,0,1,0,0,1
970,0,0,0,0,0,0,0,0,0,0,0,0,0,0,0,0,0
1036,1,0,1,0,0,0,0,0,0,0,0,0,0,0,0,0,0
1044,1,0,0,0,0,0,0,0,0,0,0,0,0,0,0,0,0
1046,1,1,1,1,0,0,0,1,0,0,0,0,0,0,0,0,0
1048,1,0,1,1,0,0,0,0,0,0,0,0,0,0,0,0,0
1064,1,1,0,0,0,0,0,0,0,0,0,0,0,1,1,0,1
1068,1,0,0,0,0,0,0,0,0,0,0,0,0,0,0,0,1
1069,1,0,1,0,0,0,0,0,0,0,0,0,0,0,0,0,0
1085,1,0,1,0,1,0,0,1,0,0,0,0,0,0,0,0,1
1100,1,1,0,1,0,0,0,0,0,0,0,0,0,1,1,0,0
1109,1,1,0,0,0,0,0,1,0,0,0,0,0,0,0,0,0
1122,1,0,1,0,0,0,0,0,0,0,0,0,0,0,0,0,0
1130,1,0,1,0,0,0,0,0,0,0,0,0,0,0,0,0,1
1139,1,0,0,0,0,0,0,0,0,0,0,0,0,0,0,0,0
1142,0,0,0,0,0,0,0,0,0,0,0,0,0,0,0,0,0
1166,1,0,0,0,0,0,0,0,0,0,0,0,0,0,0,0,0
1203,1,0,1,0,0,0,0,0,0,0,0,0,0,0,0,0,0
1213,1,1,1,0,0,0,0,0,0,0,0,0,0,1,1,0,0
1235,0,1,1,1,0,0,0,0,0,0,0,0,0,0,0,0,0
1274,1,0,0,0,0,0,0,0,0,0,0,0,0,0,0,0,0
1346,1,0,1,0,0,0,0,0,0,0,0,0,0,0,0,0,0
1391,1,1,0,0,0,0,0,0,0,0,0,0,0,0,0,0,0
1404,1,0,1,0,0,0,0,0,0,0,0,0,0,0,0,0,1
1413,1,1,1,0,0,0,0,0,0,0,0,0,0,0,0,0,0
1416,1,0,0,0,0,0,0,0,0,0,0,0,0,0,0,0,0
1429,1,0,0,0,0,0,0,0,0,0,0,0,0,0,0,0,0
1435,1,0,0,1,0,0,0,0,0,0,0,0,0,0,0,0,0
1436,1,1,0,0,0,0,0,0,0,0,0,0,0,0,0,0,0
1438,1,1,1,1,0,0,0,0,0,0,0,0,0,0,0,0,0
1440,1,0,1,0,0,0,0,1,0,0,0,0,0,0,0,0,0
1454,1,0,0,0,0,0,0,0,0,0,0,0,0,0,0,0,0
1458,1,1,0,0,0,0,0,0,0,0,0,0,0,0,1,0,0
1459,1,1,0,0,0,0,0,0,0,0,0,0,0,0,0,0,0
1460,1,1,1,0,1,1,0,0,0,0,0,0,0,0,0,0,0
1463,1,0,0,0,0,0,0,0,0,0,0,0,0,0,0,0,0
1468,0,0,0,0,0,0,0,0,0,0,0,0,0,0,0,0,0
1472,1,1,0,0,0,0,0,0,0,0,0,0,0,0,0,0,0
1520,1,0,0,0,0,0,0,1,1,0,0,0,0,1,0,0,0
1524,1,0,0,0,0,0,0,0,0,0,0,0,0,0,0,0,0
1531,1,1,1,0,0,0,0,0,0,0,0,0,0,0,0,0,0
1534,1,1,1,0,0,0,0,0,0,0,0,0,0,0,0,0,0
1563,1,1,0,1,1,0,0,1,0,0,0,0,0,0,0,0,0
1588,1,0,0,0,0,0,0,0,0,0,0,0,0,0,0,0,0
1607,1,0,0,0,0,0,0,0,0,0,0,0,0,0,0,0,0
1616,1,1,1,0,0,0,0,0,0,0,0,0,0,0,0,0,0
1617,1,0,0,0,0,0,0,0,0,0,0,0,0,0,0,0,0
1625,1,0,0,0,0,0,0,0,0,0,0,0,0,0,0,0,0
1643,1,0,0,1,0,0,0,0,0,0,0,0,0,0,0,0,0
1647,1,1,1,0,0,1,0,0,0,0,0,0,0,0,0,0,0
1686,1,0,0,0,0,0,0,0,0,0,0,0,0,0,0,0,0
1701,1,0,0,0,0,0,0,0,0,0,0,0,0,0,0,0,0
1723,1,0,1,0,0,0,0,0,0,0,0,0,0,0,0,0,0
1737,1,0,1,0,0,0,0,0,0,0,0,0,0,0,0,0,0
1741,1,1,1,0,0,0,0,0,0,0,0,0,0,0,0,0,0
1759,1,1,1,0,0,0,0,0,0,0,0,0,0,0,0,0,0
1764,1,1,0,0,1,0,0,1,0,0,0,0,0,0,0,0,0
1792,1,1,0,0,0,0,0,0,0,0,0,0,0,0,0,0,0
1807,1,1,0,0,0,0,0,0,0,0,0,0,0,0,0,0,0
1808,1,1,1,0,0,0,0,1,0,0,0,0,0,0,0,0,0
1851,1,0,0,0,0,0,0,0,0,0,0,0,0,0,0,0,0
1852,1,1,1,0,1,0,0,0,0,0,0,0,0,1,0,0,0
1859,0,0,0,0,0,0,0,0,0,0,0,0,0,0,0,0,0
1888,1,0,1,0,0,0,0,0,0,0,0,0,0,0,0,0,0
1936,1,1,1,0,0,0,0,0,0,0,0,0,0,0,0,0,0
1958,1,1,1,0,1,0,0,0,0,0,0,0,0,1,1,0,1
1978,0,0,0,1,1,0,0,1,0,0,0,0,0,0,0,0,0
1981,1,0,0,0,0,0,0,0,0,0,0,0,0,0,0,0,0
1985,1,0,0,0,0,0,0,0,0,0,0,0,0,1,1,0,1
2004,0,0,1,0,0,0,0,0,0,0,0,0,0,0,0,0,0
2009,1,0,1,0,0,0,0,0,0,0,0,0,0,0,0,0,0
2015,1,0,0,0,1,0,0,0,0,0,0,0,0,0,0,0,0
2023,1,0,0,0,1,0,0,0,0,0,0,0,0,0,0,0,0
2029,0,0,0,0,1,0,0,0,0,0,0,0,0,0,0,0,0
2030,1,0,0,0,0,0,0,0,0,0,0,0,0,0,0,0,0
2033,1,0,0,0,1,0,0,0,0,0,0,0,0,0,0,0,0
2034,1,1,0,0,0,0,0,0,0,0,0,0,0,1,0,0,1
2035,1,1,1,1,0,0,0,0,0,0,0,0,0,0,0,0,0
2038,1,0,0,0,0,0,0,0,0,0,0,0,0,0,0,0,0
2039,1,0,0,0,0,0,0,0,0,0,0,0,0,0,0,0,0
2044,1,1,1,0,0,0,0,0,0,0,0,0,0,0,0,0,0
2045,1,1,1,1,0,0,0,1,0,0,0,0,0,0,0,0,0
2046,1,0,1,0,0,0,0,0,0,0,0,0,0,0,0,0,0
2049,1,1,0,0,0,0,0,0,0,0,0,0,0,0,0,0,0
2054,1,0,0,0,0,0,0,0,0,0,0,0,0,0,0,0,0
2055,1,0,1,0,0,0,0,0,0,0,0,0,0,0,0,0,0
2058,1,0,1,0,0,0,0,0,0,0,0,0,0,0,0,0,0
2068,0,0,0,0,0,0,0,0,0,0,0,0,0,0,0,0,0
2072,0,0,0,0,0,0,0,0,0,0,0,0,0,0,0,0,0
2084,1,0,1,0,0,0,0,0,0,0,0,0,0,0,0,0,0
2088,1,0,1,0,0,0,0,0,0,0,0,0,0,0,0,0,0
2092,1,1,1,1,0,0,0,1,0,0,0,0,0,0,0,0,0
2095,1,0,1,1,0,0,0,0,0,0,0,0,0,0,0,0,0
2096,1,0,1,1,1,0,0,1,0,0,1,0,0,0,1,0,1
2101,0,0,0,0,0,0,0,0,0,0,0,0,0,0,0,0,0
2106,1,1,1,1,0,0,0,0,0,0,0,0,0,0,0,0,1
2107,1,0,1,0,0,0,0,1,0,0,0,0,0,0,0,0,0
2108,1,1,1,0,0,1,0,1,0,0,0,0,0,0,0,0,0
2115,1,0,0,0,0,0,0,1,0,0,0,0,0,0,0,0,0
2116,1,1,1,0,1,0,0,0,0,0,0,0,0,0,0,0,0
2119,0,0,1,0,1,0,0,0,0,0,0,0,0,0,0,0,0
2120,1,1,1,0,0,0,0,0,0,0,0,0,0,0,0,0,0
2124,1,1,0,0,0,0,0,0,0,0,0,0,0,0,0,0,0
2127,1,0,0,0,0,0,0,0,0,0,0,0,0,0,0,0,0
2128,1,1,0,0,0,0,0,0,0,0,0,0,0,0,0,0,0
2135,1,0,1,0,0,0,0,0,0,0,0,0,0,0,1,0,1
2137,1,1,1,1,0,0,0,0,0,0,0,0,0,0,0,0,0
2148,1,1,1,0,1,0,0,1,0,0,0,0,0,0,0,0,0
2154,1,0,1,1,0,0,0,0,0,0,0,0,0,0,0,0,0
2156,1,0,1,1,1,1,1,0,0,0,1,0,0,0,0,1,0
2167,1,1,0,0,0,0,0,0,0,0,0,0,0,0,0,0,0
2168,1,0,0,0,0,0,0,0,0,0,0,0,0,0,0,0,0
2170,1,1,1,1,0,0,0,0,0,0,0,0,0,0,0,0,0
2171,1,0,0,0,0,0,0,0,0,0,0,0,0,0,0,0,0
2179,1,0,1,0,0,0,0,0,0,0,0,0,0,0,0,0,0
2181,1,0,0,0,0,0,0,0,0,0,0,0,0,0,0,0,0
2185,1,0,0,0,0,0,0,0,0,0,0,0,0,0,0,0,0
2190,1,0,0,0,0,0,0,0,0,0,0,0,0,0,0,0,0
2192,1,1,1,1,1,0,0,0,0,0,0,0,0,0,0,0,0
2193,1,0,1,0,0,0,0,0,0,0,0,0,0,0,0,0,0
2197,1,0,1,0,1,0,0,0,0,0,0,0,0,0,0,0,0
2200,1,0,0,0,0,0,0,0,0,0,0,0,0,0,0,0,0
2203,1,0,1,0,1,0,0,0,0,0,0,0,0,0,0,0,0
2204,1,0,1,0,0,0,0,0,0,0,0,0,0,0,0,0,0
2205,1,0,1,0,0,0,0,0,0,0,0,0,0,0,0,0,0
2211,1,1,0,0,0,0,0,0,0,0,0,0,0,0,0,0,0
2213,0,0,1,0,0,0,0,0,0,0,0,0,0,0,0,0,0
2215,0,0,0,0,0,0,0,0,0,0,0,0,0,0,0,0,0
2217,1,0,0,1,0,0,0,0,0,0,0,0,0,0,0,0,0
2218,1,1,0,0,1,0,0,1,0,0,0,0,0,0,0,0,0
2223,1,1,1,1,0,1,0,1,1,1,0,0,0,1,0,0,1
2227,1,0,1,1,1,0,0,0,0,0,0,0,0,0,0,0,0
2230,1,0,1,0,0,0,0,0,0,0,0,0,0,0,0,0,0
2231,1,0,1,1,0,0,0,0,0,0,0,0,0,0,0,0,0
2232,1,0,0,0,0,0,0,0,0,0,0,0,0,0,0,0,0
2233,1,1,0,0,0,0,0,0,0,0,0,0,0,0,0,0,0
2242,1,1,1,1,1,1,0,0,0,0,0,0,0,0,0,0,0
2247,0,0,1,0,1,0,0,1,0,0,0,0,0,0,0,0,0
2250,1,1,0,0,0,0,0,0,0,0,0,0,0,0,0,0,0
2255,1,1,0,0,1,0,0,0,0,0,0,0,0,0,0,0,0
2257,1,0,0,1,0,0,0,0,0,0,0,0,0,0,0,0,0
2258,1,1,1,0,0,0,0,1,0,0,0,0,0,0,0,0,0
2261,0,0,0,0,0,0,0,0,0,0,0,0,0,0,0,0,0
2262,1,0,1,0,0,0,0,0,0,0,0,0,0,0,0,0,0
2264,1,0,0,0,1,0,0,0,0,0,0,0,0,0,0,0,0
2272,1,0,1,0,0,0,0,1,0,0,0,0,0,0,0,0,0
2286,1,1,1,0,1,0,0,1,0,0,0,0,0,0,0,0,1
2295,1,0,1,1,1,0,0,1,0,0,0,0,0,0,0,0,0
2296,1,0,1,1,1,0,0,0,0,0,0,0,0,0,0,0,0
2300,0,0,0,0,0,0,0,0,0,0,0,0,0,0,0,0,0
2301,1,0,0,0,0,0,0,0,0,0,0,0,0,0,0,0,0
2302,1,1,1,0,0,0,0,0,0,0,0,0,0,0,0,0,0
2303,0,0,1,0,0,0,0,0,0,0,0,0,0,0,0,0,0
2304,1,1,0,0,1,0,0,1,0,0,0,0,0,0,0,0,0
2305,1,1,1,0,0,0,0,0,0,0,0,0,0,0,0,0,0
2311,1,0,0,0,0,0,0,0,0,0,0,0,0,0,0,0,0
2315,1,1,0,0,0,0,0,0,0,0,0,0,0,0,0,0,0
2317,1,0,0,0,0,0,0,0,0,0,0,0,0,0,0,0,0
2319,0,0,0,0,0,0,0,1,0,0,0,0,0,0,0,0,0
2322,1,1,0,0,0,0,0,0,0,0,0,0,0,0,1,0,0
2324,1,0,1,0,0,0,0,0,0,0,0,0,0,0,0,0,0
2330,1,0,1,1,0,0,0,0,0,0,0,0,0,0,0,0,0
2335,1,0,1,0,0,0,0,0,0,0,0,0,0,0,0,0,0
2340,1,0,0,0,0,0,0,0,0,0,0,0,0,0,0,0,0
2341,1,0,0,0,0,0,0,0,0,0,0,0,0,0,0,0,0
2348,1,0,0,0,0,0,0,0,0,0,0,0,0,0,0,0,0
2358,1,1,1,0,0,0,1,1,0,0,0,0,0,0,0,0,0
2368,1,1,1,1,1,1,0,1,0,0,0,0,0,0,0,0,0
2369,1,0,0,0,0,0,0,0,0,0,0,0,0,0,0,0,0
2380,1,1,1,0,0,0,0,0,0,0,0,0,0,0,0,0,0
2384,1,0,1,1,0,0,0,0,0,0,0,0,0,0,0,0,0
2389,1,0,0,0,0,0,0,0,0,0,0,0,0,0,0,0,0
2400,1,0,0,0,0,0,0,0,0,0,0,0,0,0,0,0,0
2402,1,1,0,0,0,0,0,0,0,0,0,0,0,0,0,0,0
2403,1,1,1,1,0,0,0,0,0,0,0,0,0,0,0,0,0
2407,1,1,1,0,0,0,0,0,0,0,0,0,0,0,0,0,0
2408,1,0,0,0,0,0,0,0,0,0,0,0,0,0,0,0,0
2412,1,1,1,1,0,0,0,1,0,0,0,0,0,0,0,0,0
2416,1,0,1,1,0,0,0,0,0,0,0,0,0,0,0,0,0
2419,1,0,0,0,0,0,0,0,0,0,0,0,0,0,0,0,0
2420,1,0,1,0,1,0,0,1,0,0,0,0,0,0,0,0,0
2433,0,0,1,0,0,0,0,0,0,0,0,0,0,0,0,0,0
2445,0,0,0,0,1,0,0,1,0,0,0,0,0,0,0,0,0
2449,1,0,0,0,0,0,0,0,0,0,0,0,0,0,0,0,0
2462,1,1,0,0,0,0,0,0,0,0,0,0,0,0,0,0,0
2495,1,0,1,0,1,0,0,0,0,0,0,0,0,0,0,0,0
2503,1,0,0,0,0,0,0,0,0,0,0,0,0,0,0,0,0
2513,1,0,1,0,0,0,0,0,0,0,0,0,0,0,0,0,0
2514,1,1,1,0,0,0,0,0,0,0,0,0,0,0,0,0,0
2517,1,0,1,0,0,0,0,0,0,0,0,0,0,0,0,0,0
2523,1,0,0,0,0,0,0,0,0,0,0,0,0,0,0,0,0
2525,1,0,1,1,0,0,0,0,0,0,0,0,0,0,0,0,0
2538,1,0,1,1,0,0,0,0,0,0,0,0,0,0,0,0,0
2539,1,0,1,1,0,0,0,0,1,0,0,0,0,1,0,0,0
2547,1,0,0,0,1,0,0,1,0,0,0,0,0,0,0,0,0
2552,1,1,0,0,0,0,0,0,0,0,0,0,0,0,0,0,0
2553,1,1,0,0,1,0,0,0,0,0,0,0,0,0,0,0,0
2555,1,0,0,0,0,0,0,0,0,0,0,0,0,0,0,0,0
2580,1,0,0,1,0,0,0,0,1,1,0,0,1,1,1,0,1
2585,1,0,0,0,0,0,0,0,0,0,0,0,0,0,0,0,0
2596,1,0,0,0,0,0,0,0,0,0,0,0,0,0,0,0,0
2597,1,1,1,0,0,0,0,1,0,0,0,0,0,0,0,0,1
2614,1,0,0,0,0,0,0,0,0,0,0,0,0,0,0,0,0
2621,1,1,0,0,0,0,0,0,0,0,0,0,0,0,0,0,0
2636,1,1,0,0,0,0,0,0,0,0,0,0,0,0,0,0,0
2637,1,1,1,0,1,0,0,0,0,0,0,0,0,0,0,0,0
2654,1,0,0,0,0,0,0,0,0,0,0,0,0,0,0,0,0
2658,1,1,1,0,1,1,0,1,0,0,0,0,0,0,0,0,0
2661,1,0,1,0,1,0,0,1,0,0,0,0,0,0,0,0,0
2691,1,0,0,0,0,0,0,0,0,0,0,0,0,0,0,0,0
2769,0,0,1,0,0,0,0,0,0,0,0,0,0,1,0,0,1
2789,1,1,0,0,1,1,0,1,0,0,0,0,0,0,0,0,0
2868,1,1,0,0,0,0,0,0,0,0,0,0,0,0,0,0,0
2903,1,1,0,0,0,0,0,0,0,0,0,0,0,0,0,0,0
2912,1,0,0,0,0,0,0,0,0,0,0,0,0,0,0,0,0
2918,1,0,1,0,0,0,0,0,0,0,0,0,0,0,0,0,0
2919,1,0,0,0,0,0,0,0,0,0,0,0,0,0,0,0,0
2923,1,1,0,1,0,0,0,1,0,0,0,0,0,0,0,0,0
2942,1,1,1,0,0,0,0,1,0,0,0,0,0,0,0,0,0
2952,1,0,1,1,0,0,0,0,0,0,0,0,0,0,0,0,0
2954,1,0,0,0,0,0,0,0,0,0,0,0,0,0,0,0,0
2955,1,0,0,0,0,0,0,0,0,0,0,0,0,0,0,0,0
2960,0,0,1,0,0,0,0,0,0,0,0,0,0,0,0,0,0
2987,1,1,1,0,0,0,0,1,0,0,0,0,0,0,0,0,0
2989,1,0,0,0,0,0,0,0,0,0,1,0,0,0,0,0,0
3014,1,1,1,1,1,1,1,1,0,0,0,0,0,1,1,0,1
3021,1,0,1,0,0,0,0,0,0,0,0,0,0,0,0,0,0
3026,1,0,1,0,0,1,0,1,0,0,0,0,0,0,0,0,0
3030,1,1,1,1,1,0,0,0,0,0,0,0,0,1,1,0,0
3036,1,0,0,0,0,0,0,0,0,0,0,0,0,0,0,0,0
3037,1,0,1,0,1,0,0,1,0,0,0,0,0,0,0,0,0
3042,0,0,0,0,0,0,0,0,0,0,0,0,0,0,0,0,0
3112,1,0,0,0,0,0,0,0,0,0,0,0,0,0,0,0,0
3114,1,1,1,0,0,0,0,0,0,0,0,0,0,0,0,0,0
3123,1,0,1,0,0,0,0,0,0,0,0,0,0,0,0,0,0
3125,1,0,1,0,0,0,0,1,0,0,0,0,0,0,0,0,0
3130,1,1,1,0,0,0,0,1,0,0,0,0,0,0,0,0,0
3152,1,1,1,0,0,0,0,1,0,0,0,0,0,0,0,0,0
3154,1,1,1,0,0,0,0,0,0,0,0,0,0,0,0,0,0
3162,1,1,1,0,0,0,0,0,0,0,0,0,0,0,0,0,0
3169,1,1,1,0,0,0,0,0,0,0,0,0,0,0,0,0,0
3173,1,1,0,0,0,0,0,0,0,0,0,0,0,0,0,0,0
3189,1,0,0,0,0,0,0,0,0,0,0,0,0,0,0,0,0
3192,1,1,0,0,0,0,0,0,0,0,0,0,0,0,0,0,0
3215,1,1,0,0,0,0,0,0,0,0,0,0,0,0,0,0,0
3227,1,1,1,0,0,0,0,0,0,0,0,0,0,0,0,0,0
3239,1,1,1,0,0,0,0,0,0,0,0,0,0,0,0,0,0
3243,0,0,0,0,0,0,0,0,0,0,0,0,0,0,0,0,1
3317,1,0,0,0,0,0,0,0,0,0,0,0,0,0,0,0,0
3331,1,0,0,1,0,0,0,0,0,0,0,0,0,0,0,0,0
3375,1,0,0,0,0,0,0,0,0,0,0,0,0,0,0,0,0
3395,1,1,1,0,0,0,0,1,0,0,0,0,0,0,0,0,0
3638,1,0,1,1,1,0,0,0,0,0,0,0,0,1,0,0,0
3647,1,1,0,0,0,0,0,0,0,0,0,0,0,0,0,0,0
3752,0,0,0,0,0,0,0,0,0,0,0,0,0,0,0,0,0
3761,1,0,1,0,0,0,0,0,0,0,0,0,0,0,0,0,0
3768,1,0,1,0,0,0,0,1,0,0,0,0,0,0,0,0,0
3851,1,0,0,0,0,0,0,0,0,0,0,0,0,0,0,0,0
3952,1,0,1,0,0,0,0,0,0,0,0,0,0,0,0,0,0
3979,1,0,1,1,0,0,0,0,0,0,0,0,0,0,0,0,0
4079,1,0,1,1,1,0,0,0,0,0,0,0,0,0,0,0,0
4086,1,1,1,0,1,0,0,1,0,0,0,0,0,0,0,0,0
4090,1,0,1,0,0,0,0,0,0,0,0,0,0,0,0,0,0
4100,1,1,1,0,0,0,0,0,0,0,0,0,0,0,0,0,0
4141,1,0,0,0,0,0,0,0,0,0,0,0,0,0,0,0,0
4160,0,0,1,0,0,0,0,0,0,0,0,0,0,0,0,0,0
4321,1,1,1,1,0,0,0,0,0,0,0,0,0,0,0,0,0
4344,0,0,0,0,0,0,0,0,0,0,0,0,0,0,0,0,0
4363,1,0,1,0,0,0,0,1,0,0,0,0,0,0,0,0,0
4373,1,0,0,0,0,0,0,0,0,0,0,0,0,0,0,0,0
4401,1,1,1,0,0,0,0,0,0,0,0,0,0,0,1,0,1
4428,1,0,0,0,0,0,0,0,0,0,0,0,0,0,0,0,0
4449,1,1,1,1,1,1,0,1,0,0,0,0,0,0,0,0,0
4493,1,0,0,0,0,0,0,0,0,0,0,0,0,0,0,0,0
4597,0,0,0,0,0,0,0,1,0,0,0,0,0,0,0,0,0
4652,1,0,0,0,0,0,0,0,0,0,0,0,0,0,0,0,0
4683,1,0,0,0,0,0,0,0,0,0,0,0,0,0,0,0,0
4686,1,0,1,0,1,0,0,0,0,0,0,0,0,0,0,0,0
4724,0,1,1,1,0,0,0,0,0,0,0,0,0,0,0,0,0
4726,1,1,1,0,0,0,0,0,0,0,0,0,0,0,0,0,0
4753,1,0,1,0,1,0,0,0,0,0,0,0,0,0,0,0,0
4821,1,1,1,0,0,0,0,0,0,0,0,0,0,0,0,0,0
4830,1,1,0,0,0,0,0,0,0,0,0,0,0,0,1,0,0
4939,1,1,1,1,1,0,0,0,0,0,0,0,0,1,0,0,1
4954,1,0,0,0,0,0,0,0,0,0,0,0,0,0,0,0,0
4975,1,1,1,0,0,0,0,0,0,0,0,0,0,0,0,0,0
4999,1,0,1,0,0,0,0,1,0,0,0,0,0,0,0,0,0
5024,1,0,1,1,0,0,0,0,0,0,0,0,0,0,0,0,0
5060,1,0,1,0,0,0,0,0,0,0,0,0,0,0,0,0,0
5096,1,0,1,1,0,0,0,0,0,0,0,0,0,1,1,0,1
5163,1,1,1,1,0,0,0,0,0,0,0,0,0,0,0,0,1
5211,1,1,1,0,1,0,0,1,0,0,0,0,0,1,1,0,1
5286,1,0,0,0,0,0,0,0,0,0,0,0,0,0,0,0,0
5307,1,1,1,1,0,0,0,0,0,0,0,0,0,0,0,0,0
5431,1,0,0,1,0,0,0,0,0,0,0,0,0,0,0,0,0
5456,1,1,0,0,0,0,0,0,0,0,0,0,0,0,0,0,0
5488,1,1,1,1,0,0,0,0,0,0,0,0,0,0,0,0,0
5506,1,0,1,1,1,0,0,0,0,0,0,0,0,0,0,0,0
5627,1,0,1,0,0,0,0,0,0,0,0,0,0,0,0,0,0
5764,1,0,0,0,1,0,0,1,0,0,0,0,0,1,0,0,1
5772,1,0,1,1,0,0,0,1,0,0,0,0,0,0,0,0,0
5782,1,1,1,1,0,0,0,0,0,0,0,0,0,0,0,0,0
5835,0,0,1,0,0,0,0,0,0,0,0,0,0,0,0,0,0
5837,1,0,0,0,0,0,0,0,0,0,0,0,0,0,0,0,0
5903,1,1,1,0,1,0,0,1,0,0,0,0,0,0,1,0,0
6106,1,0,1,0,0,0,0,0,0,0,0,0,0,0,0,0,0
6150,0,0,1,0,0,0,0,1,0,0,0,0,0,0,0,0,0
6202,1,0,1,1,1,0,0,1,0,0,0,0,0,0,0,0,0
6224,1,0,1,0,0,0,0,0,0,0,0,0,0,0,0,0,0
6324,1,0,0,0,0,0,0,0,0,0,0,0,0,0,0,0,0
6360,1,0,1,1,1,0,0,1,0,0,0,0,0,0,0,0,0
6393,1,0,0,0,0,0,0,0,0,0,0,0,0,0,0,0,0
6401,1,0,1,0,0,0,0,0,0,0,0,0,0,0,0,0,0
6427,1,0,0,0,0,0,0,0,0,0,0,0,0,0,0,0,0
6478,0,0,0,0,0,0,0,0,0,0,0,0,0,0,0,0,0
6503,1,1,1,0,1,0,0,0,0,0,0,0,0,0,0,0,0
6635,1,0,0,0,0,0,0,0,0,0,0,0,0,0,0,0,0
6653,1,0,0,0,0,0,0,0,0,0,0,0,0,0,0,0,0
6657,0,0,0,0,0,0,0,0,0,0,0,0,0,0,0,0,0
6660,1,0,0,0,0,0,0,0,0,0,0,0,0,0,0,0,1
6790,1,0,1,0,0,0,0,0,0,0,0,0,0,0,0,0,0
6819,1,0,1,1,1,0,0,0,0,0,0,0,0,0,0,0,0
6829,1,0,1,0,0,0,0,0,0,0,0,0,0,0,0,0,0
6846,1,0,1,0,1,0,0,1,0,0,0,0,0,0,0,0,0
6848,1,0,1,0,0,0,0,0,0,0,0,0,0,0,0,0,0
6908,1,0,1,0,0,0,0,0,0,0,0,0,0,0,0,0,0
6910,1,0,0,0,1,0,0,0,0,0,0,0,0,0,0,0,1
6912,1,0,0,0,0,0,0,0,0,0,0,0,0,0,0,0,0
6940,1,0,0,0,0,0,0,0,0,0,0,0,0,0,0,0,0
6947,1,0,0,0,0,0,0,0,0,0,0,0,0,0,0,0,0
6961,1,0,1,0,1,0,0,1,0,0,0,0,0,0,0,0,0
6966,0,0,0,0,0,0,0,0,0,0,0,0,0,0,0,0,0
6982,0,0,1,0,1,0,0,0,0,0,0,0,0,0,0,0,0
6991,1,1,1,0,1,0,0,1,0,0,0,0,0,1,1,0,1
7015,1,1,1,1,0,0,0,0,0,0,0,0,0,0,0,0,0
7023,1,0,1,1,0,0,0,1,0,0,0,0,0,0,0,0,0
7029,1,0,0,0,0,0,0,0,0,0,0,0,0,0,0,0,0
7036,1,1,1,0,0,0,0,0,0,0,0,0,0,0,1,0,1
7058,1,1,1,1,1,1,1,1,1,1,1,1,1,1,1,1,1
7077,1,1,1,0,1,0,0,0,0,0,0,0,0,0,0,0,0
7081,1,1,1,0,0,0,0,0,0,0,0,0,0,0,0,0,0
7101,1,0,1,0,1,0,0,0,0,0,0,0,0,0,0,0,0
7246,1,0,0,0,1,0,0,0,0,0,0,0,0,0,0,0,0
7257,1,1,1,1,1,0,0,0,0,0,0,0,0,0,0,0,0
7298,0,0,1,0,0,0,0,0,0,0,0,0,0,0,0,0,0
7308,1,0,0,0,0,0,0,1,0,0,0,0,0,0,0,0,0
7313,1,1,0,0,0,0,0,0,0,0,0,0,0,0,0,0,0
7364,1,0,0,0,1,0,0,0,0,0,0,0,0,0,0,0,0
7404,1,0,0,1,0,0,0,1,0,0,0,0,0,0,0,0,0
7452,1,1,1,1,0,0,0,0,0,0,0,0,0,0,1,0,1
7471,1,0,1,1,0,0,0,0,0,0,0,0,0,0,0,0,0
7489,1,1,0,1,0,0,0,0,0,0,0,0,0,0,0,0,1
7601,1,1,1,0,1,0,0,0,0,0,0,0,0,0,0,0,0
7612,1,0,0,0,0,0,0,0,0,0,0,0,0,0,0,0,0
7622,1,0,1,1,0,0,0,0,1,1,0,0,0,1,0,0,0
7632,1,1,0,1,0,0,0,0,0,0,0,0,0,0,0,0,0
7660,1,0,0,0,0,0,0,0,0,0,0,0,0,0,0,0,0
7678,1,0,1,1,1,0,0,0,0,0,0,0,0,0,0,0,0
7705,1,0,1,0,0,0,0,0,0,0,0,0,0,0,0,0,0
7735,1,1,1,0,0,0,0,0,0,0,0,0,0,0,0,0,0
7736,1,0,0,0,1,0,0,1,0,0,0,0,0,0,1,0,1
7754,1,0,0,0,0,0,0,0,0,0,0,0,0,0,0,0,0
7757,0,0,0,0,1,0,0,0,0,0,0,0,0,0,0,0,0
7762,1,0,0,0,0,0,0,0,0,0,0,0,0,0,0,0,0
7769,1,0,1,1,0,0,0,0,0,0,0,0,0,0,0,0,0
7783,0,0,0,0,0,0,0,0,0,0,0,0,0,0,0,0,0
7856,1,1,1,1,1,1,0,1,0,0,0,0,0,1,0,0,0
7863,1,0,0,0,0,0,0,0,0,0,0,0,0,0,0,0,0
7895,1,0,1,1,0,0,0,0,0,0,0,0,0,0,0,0,0
7896,1,1,0,0,1,0,0,1,1,1,0,0,0,1,0,0,1
7956,1,0,0,0,0,0,0,0,0,0,0,0,0,0,0,0,1
7957,1,0,0,0,0,0,0,0,0,0,0,0,0,0,0,0,0
8018,1,0,0,0,0,0,0,0,0,0,0,0,0,0,0,0,0
8033,1,1,1,1,0,0,0,0,0,0,0,0,0,0,0,0,0
8060,1,0,1,0,1,0,0,0,0,0,0,0,0,0,0,0,0
8063,1,0,0,0,0,0,0,0,0,0,0,0,0,0,0,0,0
8123,1,0,1,0,0,0,0,0,0,0,0,0,0,0,0,0,0
8232,1,0,1,0,0,0,0,1,0,0,0,0,0,1,0,0,1
8250,1,0,1,1,1,1,1,1,0,0,1,0,0,0,0,0,1
8269,1,1,0,0,0,0,0,0,0,0,0,0,0,0,0,0,0
8308,1,0,0,0,0,0,0,0,0,0,0,0,0,0,0,0,0
8493,1,0,1,0,1,1,0,0,0,0,0,0,0,0,1,0,1
8514,1,0,0,0,0,0,0,0,0,0,0,0,0,0,0,0,1
8524,1,0,1,0,0,0,0,0,0,0,0,0,0,0,0,0,0
8528,1,0,1,1,0,0,0,1,0,0,0,0,0,0,0,0,0
8533,1,0,1,0,0,0,0,0,0,0,0,0,0,0,0,0,0
8544,1,0,1,1,0,1,0,0,1,1,1,0,0,1,1,0,1
8548,1,0,0,0,0,0,0,1,0,0,0,0,0,0,0,0,0
8552,1,0,0,0,0,0,0,0,0,0,0,0,0,0,0,0,0
8555,1,0,1,0,0,0,0,1,0,0,0,0,0,0,0,0,0
8561,1,0,1,0,0,0,0,0,0,0,0,0,0,0,0,0,0
8563,1,1,1,0,0,0,0,1,0,0,0,0,0,0,0,0,0
8578,1,1,0,0,0,0,0,0,0,0,0,0,0,0,0,0,0
8580,1,0,0,0,0,0,0,0,0,0,0,0,0,0,0,0,0
8600,1,0,1,0,0,0,0,0,0,0,0,0,0,0,0,0,0
8616,1,1,1,0,0,0,0,0,0,0,0,0,0,0,0,0,0
8631,1,1,1,0,0,0,0,0,0,0,0,0,0,0,0,0,0
8645,1,1,1,1,0,0,0,0,0,0,0,0,0,0,0,0,0
8661,1,0,1,0,0,0,0,0,0,0,0,0,0,0,0,0,0
8669,1,0,0,0,1,0,0,0,0,0,0,0,0,0,0,0,0
8688,1,1,1,1,0,0,0,1,0,0,0,0,0,0,0,0,0
8689,1,1,0,0,1,0,0,1,0,0,0,0,0,1,0,0,0
8697,1,0,0,0,0,0,0,0,0,0,0,0,0,0,0,0,0
8702,1,1,1,0,0,0,0,0,0,0,0,0,0,0,0,0,0
8707,1,1,1,0,0,0,0,0,0,0,0,0,0,0,0,0,0
8730,1,1,1,0,1,0,0,1,0,0,0,0,0,0,0,0,0
8754,1,0,0,0,0,0,0,0,0,0,0,0,0,0,0,0,0
8759,1,1,1,0,0,0,0,0,0,0,0,0,0,0,0,0,0
8767,1,0,1,0,0,0,0,0,0,0,0,0,0,0,0,0,0
8769,1,0,0,0,0,0,0,0,0,0,0,0,0,0,0,0,0
8773,1,1,0,0,0,0,0,0,0,0,0,0,0,0,0,0,0
8774,1,1,0,0,0,0,0,0,0,0,0,0,0,0,0,0,0
8786,1,0,1,0,0,0,0,0,0,0,0,0,0,0,0,0,0
8788,0,0,0,0,1,0,0,0,0,0,0,0,0,0,0,0,0
8799,1,0,0,0,0,0,0,0,0,0,0,0,0,0,0,0,0
8800,1,0,0,0,1,0,0,0,0,0,0,0,0,0,0,0,0
8831,1,1,1,0,0,0,0,0,0,0,0,0,0,0,0,0,0
8840,1,1,1,1,1,0,0,0,0,0,0,0,0,0,0,0,0
8847,1,0,1,0,0,0,0,0,0,0,0,0,0,0,0,0,0
8849,1,1,1,0,0,0,0,0,0,0,0,0,0,0,0,0,1
8854,1,0,0,0,0,0,0,1,0,0,0,0,0,0,0,0,0
8858,1,0,1,0,0,0,0,0,0,0,0,0,0,0,0,0,0
8863,1,1,1,0,0,0,0,1,0,0,0,0,0,0,0,0,0
8866,1,1,0,1,0,0,0,0,0,0,0,0,0,0,0,0,0
8870,1,0,1,0,0,0,0,0,0,0,0,0,0,0,0,0,0
8882,1,1,1,1,0,0,0,0,0,0,0,0,0,0,0,0,0
8886,1,1,0,0,0,0,0,1,0,0,0,0,0,0,0,0,0
8899,1,1,0,0,0,0,0,0,0,0,0,0,0,0,0,0,0
8903,1,0,0,0,0,0,0,0,0,0,0,0,0,0,0,0,0
8906,1,0,0,0,0,0,0,0,0,0,0,0,0,0,0,0,0
8912,1,0,1,0,0,0,0,0,0,0,0,0,0,0,0,0,0
8915,1,0,1,0,0,0,0,0,0,0,0,0,0,0,0,0,0
8929,1,0,0,0,0,0,0,0,0,0,0,0,0,0,0,0,0
8931,1,1,1,0,0,0,0,0,0,0,0,0,0,1,0,0,1
8935,1,1,1,1,0,0,0,0,0,0,0,0,0,0,0,0,0
8939,1,0,1,0,0,0,0,0,0,0,0,0,0,0,0,0,0
8954,1,0,0,0,0,0,0,0,0,0,0,0,0,0,0,0,0
8955,1,0,1,0,0,0,0,0,1,0,0,0,0,1,0,0,0
8966,1,1,1,0,0,0,0,1,0,0,0,0,0,0,0,0,0
8994,1,0,0,0,0,0,0,0,0,0,0,0,0,0,0,0,0
8997,1,1,1,0,1,0,0,0,0,0,0,0,0,0,0,0,0
9000,1,0,1,0,0,0,0,0,0,0,0,0,0,0,0,0,0
9015,1,1,0,0,0,0,0,0,0,0,0,0,0,0,0,0,0
9051,1,1,1,0,0,0,0,0,0,0,0,0,0,0,0,0,0
9064,1,0,1,0,1,0,0,0,0,0,0,0,0,0,0,0,0
9084,1,0,0,0,1,0,0,0,0,0,0,0,0,0,0,0,0
9086,1,1,0,0,0,0,0,0,0,0,0,0,0,0,0,0,0
9097,1,0,1,0,0,0,0,0,0,0,0,0,0,0,0,0,0
9105,1,0,1,1,0,0,0,0,0,0,0,0,0,0,0,0,0
9107,1,1,1,0,0,0,0,0,0,0,0,0,0,0,0,0,0
9111,0,0,0,0,0,0,0,0,0,0,0,0,0,0,0,0,0
9116,1,1,0,0,0,0,0,0,0,0,0,0,0,0,0,0,0
9136,1,0,1,0,0,0,0,1,0,0,0,0,0,0,1,0,1
9142,1,1,0,0,0,0,0,0,0,0,0,0,0,0,0,0,0
9145,1,0,0,0,0,0,0,0,0,0,0,0,0,0,0,0,0
9147,1,1,1,0,0,0,0,0,0,0,0,0,0,0,0,0,0
9150,1,0,0,0,0,0,0,1,0,0,0,0,0,0,0,0,0
9162,1,1,0,0,0,0,0,0,0,0,0,0,0,0,0,0,0
9167,1,0,1,0,0,0,0,1,0,0,0,0,0,0,0,0,0
9179,1,1,0,0,0,0,0,0,0,0,0,0,0,0,0,0,0
9185,1,1,1,1,0,0,0,0,0,0,0,0,0,0,0,0,0
9189,1,0,1,0,1,0,0,0,0,0,0,0,0,0,0,0,0
9190,1,1,1,0,0,0,0,1,0,0,0,0,0,0,1,0,0
9198,1,1,1,0,0,0,0,0,0,0,0,0,0,0,0,0,0
9202,1,1,1,0,0,0,0,0,0,0,0,0,0,0,0,0,0
9203,1,0,0,0,0,0,0,0,0,0,0,0,0,0,0,0,0
9208,1,1,0,0,0,0,0,0,0,0,0,0,0,0,0,0,0
9229,1,1,0,0,0,0,0,0,0,0,0,0,0,0,0,0,0
9231,1,0,0,0,1,0,0,0,0,0,0,0,0,0,0,0,0
9234,1,1,1,0,1,0,0,1,0,0,0,0,0,1,1,0,1
9237,1,1,1,1,1,0,0,1,0,0,0,0,0,0,0,0,0
9238,1,0,0,0,0,0,0,1,0,0,0,0,0,0,0,0,0
9239,1,0,1,0,0,0,0,0,0,0,0,0,0,0,0,0,0
9244,1,1,1,1,0,0,0,0,0,0,0,0,0,0,0,0,1
9246,1,1,1,0,1,0,0,0,0,0,0,0,0,0,0,0,0
9261,1,1,1,0,0,0,0,0,0,0,0,0,0,0,0,0,0
9265,1,1,1,1,0,0,0,0,0,0,0,0,0,0,0,0,0
9266,1,1,1,1,0,0,0,0,0,0,0,0,0,0,0,0,0
9275,1,1,1,1,0,0,0,0,0,0,0,0,0,0,0,0,0
9278,0,0,0,0,0,0,0,0,0,0,0,0,0,0,0,0,0
9279,1,1,1,0,1,0,0,1,0,0,0,0,0,0,0,0,0
9282,1,0,0,0,0,0,0,0,0,0,0,0,0,0,0,0,0
9289,1,0,1,0,0,0,0,0,0,0,0,0,0,0,0,0,0
9303,1,0,1,0,0,0,0,0,0,0,0,0,0,0,0,0,0
9304,1,1,1,1,0,0,0,0,0,0,0,0,0,0,0,0,0
9305,1,1,1,0,0,0,0,0,0,0,0,0,0,0,0,0,0
9310,0,0,0,0,0,0,0,0,0,0,0,0,0,0,0,0,0
9315,1,1,1,0,0,0,0,0,0,0,0,0,0,0,0,0,0
9320,1,0,0,0,0,0,0,0,0,0,0,0,0,0,0,0,0
9328,1,0,1,1,0,0,0,0,0,0,0,0,0,0,0,0,0
9352,0,1,1,0,0,0,0,0,0,0,0,0,0,0,0,0,0
9359,1,1,1,0,0,0,0,0,0,0,0,0,0,0,0,0,0
9362,1,1,1,0,0,0,0,0,0,0,0,0,0,0,0,0,0
9369,1,1,1,1,1,0,0,1,0,0,0,0,0,0,0,0,0
9373,1,0,1,0,0,0,0,0,0,0,0,0,0,0,0,0,0
9374,1,0,0,1,0,0,0,0,0,0,0,0,0,0,0,0,0
9384,1,1,1,0,0,0,0,1,0,0,0,0,0,0,0,0,1
9388,1,1,1,0,0,0,0,0,0,0,0,0,0,0,0,0,0
9422,1,1,1,0,0,0,0,0,0,0,0,0,0,0,0,0,0
9423,1,0,0,0,0,0,0,0,0,0,0,0,0,0,0,0,0
9433,1,1,1,1,1,0,0,0,0,0,0,0,0,0,0,0,0
9434,1,1,0,0,0,0,0,0,0,0,0,0,0,0,1,0,0
9451,1,1,1,0,0,0,0,1,0,0,0,0,0,0,0,0,0
9455,1,1,0,0,0,0,0,0,0,0,0,0,0,0,0,0,0
9465,1,0,0,0,0,0,0,1,0,0,0,0,0,0,0,0,0
9466,1,1,0,0,1,0,0,1,0,0,0,0,0,0,1,0,0
9468,1,1,1,0,0,0,0,0,0,0,0,0,0,0,0,0,0
9473,1,0,0,0,0,0,0,0,0,0,0,0,0,0,0,0,0
9476,1,1,1,1,0,0,0,1,0,0,0,0,0,0,0,0,0
9490,1,1,1,0,0,0,0,1,0,0,0,0,0,0,0,0,0
9500,1,1,1,0,0,0,0,0,0,0,0,0,0,0,0,0,0
9502,1,1,0,0,0,0,0,0,0,0,0,0,0,0,0,0,0
9504,1,0,1,0,0,0,0,0,0,0,0,0,0,0,0,0,0
9506,1,0,0,0,0,0,0,0,0,0,0,0,0,0,0,0,0
9510,1,1,1,1,1,0,0,0,0,0,0,0,0,0,0,0,0
9511,1,0,1,0,0,0,0,0,0,0,0,0,0,0,1,0,1
9514,1,0,0,0,0,0,0,0,0,0,0,0,0,0,0,0,0
9515,1,1,0,0,0,0,0,0,0,0,0,0,0,1,0,0,0
9516,1,1,1,1,1,0,0,1,0,0,0,0,0,0,0,0,0
9518,1,1,1,1,1,0,0,1,0,0,0,0,0,0,0,0,0
9537,1,1,1,0,0,0,0,1,0,0,0,0,0,0,0,0,0
9541,1,1,1,0,0,0,0,0,0,0,0,0,0,0,0,0,0
9544,1,0,1,0,0,0,0,1,0,0,0,0,0,0,0,0,0
9545,1,1,1,0,1,0,0,0,0,0,0,0,0,1,1,1,1
9552,1,0,1,0,0,0,0,0,0,0,0,0,0,0,0,0,0
9557,1,0,0,0,0,0,0,0,0,0,0,0,0,0,0,0,0
9562,1,1,0,1,0,0,0,0,0,0,0,0,0,1,1,0,1
9590,1,1,1,0,0,0,0,1,0,0,0,0,0,0,0,0,0
9591,1,0,0,0,1,0,0,0,0,0,0,0,0,0,1,0,1
9601,1,0,0,0,0,0,0,0,0,0,0,0,0,0,0,0,0
9623,1,0,0,0,0,0,0,0,0,0,0,0,0,0,0,0,0
9640,1,1,1,0,0,0,0,0,0,0,0,0,0,0,0,0,0
9643,1,1,0,0,0,0,0,0,0,0,0,0,0,0,0,0,0
9647,1,0,0,0,0,0,0,0,0,0,0,0,0,0,0,0,0
9656,1,1,1,1,1,0,0,0,0,0,0,0,0,0,1,0,0
9658,1,1,1,0,0,0,0,0,0,0,0,0,0,0,0,0,1
9660,1,0,1,1,1,0,0,0,0,0,0,0,0,0,0,0,0
9678,1,0,0,0,0,0,0,0,0,0,0,0,0,0,0,0,0
9679,1,0,1,0,0,0,0,1,0,0,0,0,0,0,0,0,0
9688,1,0,0,0,0,0,0,0,0,0,0,0,0,0,0,0,0
9694,1,0,0,0,0,0,0,0,0,0,0,0,0,1,0,0,1
9697,1,0,0,0,0,0,0,0,0,0,0,0,0,0,0,0,0
9698,1,0,1,0,0,0,0,0,0,0,0,0,0,0,0,0,0
9699,1,0,1,1,1,0,0,1,0,0,0,0,0,0,0,0,0
9713,1,0,0,0,0,0,0,0,0,0,0,0,0,0,0,0,0
9718,1,0,1,0,0,0,0,0,0,0,0,0,0,0,0,0,0
9741,1,0,0,0,0,0,0,1,0,0,0,0,0,0,0,0,0
9744,1,1,0,1,0,0,0,0,0,0,0,0,0,0,0,0,0
9751,1,1,1,1,0,0,0,0,0,0,0,0,0,0,0,0,0
9760,1,0,1,0,0,0,0,0,0,0,0,0,0,0,0,0,0
9763,1,0,1,0,0,0,0,0,0,0,0,0,0,0,0,0,0
9764,1,1,0,0,1,0,0,0,0,0,0,0,0,0,0,0,0
9768,1,1,1,0,0,0,0,0,0,0,0,0,0,0,0,0,0
9769,1,1,1,0,0,0,0,1,0,0,0,0,0,0,0,0,0
9770,0,0,1,0,0,0,0,0,0,0,0,0,0,0,0,0,0
9779,1,1,1,1,0,0,0,0,0,0,0,0,0,0,0,0,0
9783,1,1,1,1,0,0,0,1,0,0,0,0,0,0,0,0,0
9785,1,0,1,1,0,0,0,1,0,0,0,0,0,0,1,0,1
9792,1,1,1,1,0,0,0,0,0,0,0,0,0,0,0,0,0
9794,1,0,1,0,0,0,0,1,0,0,0,0,0,0,1,0,1
9802,1,0,0,0,0,0,0,0,0,0,0,0,0,0,0,0,0
9814,1,0,0,0,1,0,0,0,0,0,0,0,0,0,0,0,1
9818,1,0,0,0,0,0,0,0,0,0,0,0,0,0,0,0,0
9819,1,0,0,0,0,0,0,0,0,0,0,0,0,0,0,0,0
9842,1,1,1,0,0,1,0,0,0,0,0,0,0,0,1,0,0
9863,1,0,1,1,0,0,0,0,0,0,0,0,0,0,0,0,0
9869,1,1,1,0,0,0,0,0,0,0,0,0,0,0,0,0,0
9878,1,0,0,0,0,0,0,0,0,0,0,0,0,0,0,0,0
9884,1,1,1,1,1,0,0,0,0,0,0,0,0,0,0,0,0
9886,1,0,1,0,0,0,0,0,0,0,0,0,0,0,1,0,1
9890,1,1,1,1,0,0,0,0,0,0,0,0,0,0,0,0,0
9897,1,1,0,0,0,0,0,0,0,0,0,0,0,0,0,0,0
9900,1,1,1,0,0,0,0,0,0,0,0,0,0,0,0,0,0
9909,1,1,1,0,0,0,0,0,0,0,0,0,0,0,0,0,0
9918,1,1,1,0,1,0,0,1,0,0,0,0,0,0,0,0,0
9923,1,0,1,0,1,0,0,0,0,0,0,0,0,0,0,0,0
9925,1,0,1,1,0,0,0,0,0,0,0,0,0,0,0,0,0
9927,1,0,0,0,0,0,0,0,0,0,0,0,0,0,0,0,0
9930,1,1,1,0,0,0,0,0,0,0,0,0,0,1,1,0,1
9938,1,0,0,0,0,0,0,0,0,0,0,0,0,0,0,0,0
9939,1,0,0,0,0,0,0,0,0,0,0,0,0,0,0,0,0
9940,1,0,0,0,0,0,0,0,0,0,0,0,0,0,0,0,0
9948,1,1,1,0,0,0,0,0,0,0,0,0,0,0,0,0,0
9950,1,0,1,0,0,0,0,0,0,0,0,0,0,0,0,0,0
9975,1,1,1,0,0,0,0,0,0,0,0,0,0,0,0,0,0
9979,1,1,1,1,0,0,0,0,0,0,0,0,0,0,0,0,0
9984,1,1,1,0,0,0,0,0,0,0,0,0,0,0,0,0,0
9988,1,0,0,0,0,0,0,0,0,0,0,0,0,0,0,0,0
9995,1,0,1,1,0,0,0,0,0,0,0,0,0,0,0,0,0
9998,0,0,0,0,0,0,0,0,0,0,0,0,0,0,0,0,0
10001,1,0,1,1,0,0,0,0,0,0,0,0,0,0,0,0,0
10003,1,0,1,0,0,0,0,0,0,0,0,0,0,0,0,0,0
10006,1,1,1,0,0,0,0,0,0,0,0,0,0,0,0,0,0
10011,1,1,1,1,0,0,0,0,0,0,0,0,0,0,0,0,0
10040,1,0,0,0,0,0,0,0,0,0,0,0,0,0,0,0,0
10045,1,0,1,0,0,0,0,0,0,0,0,0,0,0,0,0,0
10048,1,0,0,0,0,0,0,0,0,0,0,0,0,0,0,0,0
10049,1,0,0,0,0,0,0,0,0,0,0,0,0,0,0,0,0
10057,1,0,1,0,0,0,0,0,0,0,0,0,0,0,0,0,0
10062,1,1,1,0,0,0,0,0,0,0,0,0,0,0,0,0,0
10075,1,0,1,0,0,0,0,0,0,0,0,0,0,0,0,0,0
10083,1,0,0,0,0,0,0,0,0,0,0,0,0,0,0,0,0
10085,1,0,0,0,0,0,0,0,0,0,0,0,0,0,0,0,0
10090,0,0,1,1,0,0,0,0,0,0,0,0,0,0,0,0,0
10113,1,0,1,1,1,0,0,1,0,0,0,0,0,1,0,0,1
10115,1,0,1,1,0,0,0,0,0,0,0,0,0,0,0,0,1
10127,1,0,0,0,0,0,0,0,0,0,0,0,0,0,0,0,0
10129,1,1,1,0,0,0,0,0,0,0,0,0,0,1,0,0,0
10137,1,1,1,0,0,0,0,0,0,0,0,0,0,0,0,0,0
10140,1,0,1,0,0,0,0,0,0,0,0,0,0,0,0,0,0
10162,1,1,1,1,1,1,0,1,0,0,0,0,0,0,0,0,0
10170,1,1,1,0,0,0,0,0,0,0,0,0,0,0,0,0,0
10181,0,0,1,0,0,0,0,0,0,0,0,0,0,0,0,0,0
10187,1,1,1,1,0,0,0,0,0,0,0,0,0,0,0,0,0
10210,1,0,0,0,0,0,0,0,0,0,0,0,0,0,0,0,0
10221,1,0,0,0,0,0,0,0,0,0,0,0,0,0,0,0,0
10228,1,0,0,0,0,0,0,0,0,0,0,0,0,0,0,0,0
10229,1,0,1,0,0,0,0,0,0,0,0,0,0,0,0,0,0
10234,1,0,1,0,0,0,0,0,0,0,0,0,0,0,0,0,0
10242,1,0,0,1,0,0,0,0,0,0,0,0,0,0,0,0,0
10244,1,1,1,0,1,0,0,0,0,0,0,0,0,0,0,0,0
10245,1,0,0,0,0,0,0,0,0,0,0,0,0,0,0,0,0
10276,1,0,1,0,0,0,0,0,0,0,0,0,0,0,0,0,0
10282,1,1,0,0,1,0,0,0,0,0,0,0,0,0,0,0,0
10287,1,0,1,0,0,0,0,0,0,0,0,0,0,0,0,0,0
10323,1,1,1,0,0,0,0,0,0,0,0,0,0,0,0,0,0
10324,0,1,0,0,0,0,0,0,0,0,0,0,0,0,0,0,0
10329,1,0,0,0,0,0,0,0,0,0,0,0,0,0,0,0,0
10333,1,0,0,1,0,0,0,0,1,1,0,0,0,1,0,0,0
10334,1,1,1,0,0,0,0,0,0,0,0,0,0,0,0,0,0
10347,1,0,0,0,0,0,0,0,0,0,0,0,0,0,0,0,0
10351,1,1,1,0,0,0,0,0,0,0,0,0,0,0,0,0,0
10358,1,0,1,0,0,0,0,0,0,0,0,0,0,0,0,0,1
10360,1,0,0,0,0,0,0,0,0,0,0,0,0,0,0,0,0
10363,1,0,0,0,0,0,0,0,0,0,0,0,0,0,0,0,0
10371,1,0,0,0,0,0,0,0,0,0,0,0,0,0,0,0,0
10375,1,1,1,0,0,0,0,0,0,0,0,0,0,0,0,0,0
10384,1,0,0,0,0,0,0,0,0,0,0,0,0,0,0,0,0
10397,1,0,1,1,0,0,0,0,0,0,0,0,0,0,0,0,0
10410,1,0,1,0,0,0,0,0,0,0,0,0,0,0,0,0,0
10412,1,0,1,0,0,0,0,0,0,0,0,0,0,0,0,0,0
10413,1,0,1,0,0,0,0,0,0,0,0,0,0,0,0,0,0
10437,0,0,0,0,0,0,0,1,0,0,0,0,0,0,0,0,0
10438,1,1,1,1,0,0,0,1,0,0,0,0,0,0,0,0,0
10444,1,1,1,0,0,0,0,0,0,0,0,0,0,0,0,0,0
10451,1,0,0,0,0,0,0,1,0,0,0,0,0,0,0,0,0
10461,1,0,1,0,0,0,0,0,0,0,0,0,0,0,0,0,0
10466,1,1,1,0,0,0,0,0,0,0,0,0,0,0,0,0,0
10470,1,1,1,0,0,0,0,0,0,0,0,0,0,0,0,0,0
10472,1,1,0,0,1,0,0,0,0,0,0,0,0,0,0,0,0
10473,1,1,1,0,1,0,0,0,0,0,0,0,0,0,0,0,0
10491,1,1,1,0,0,0,0,0,0,0,0,0,0,0,0,0,0
10495,1,1,1,0,0,0,0,1,0,0,0,0,0,0,0,0,0
10506,1,0,1,1,0,0,0,0,0,0,0,0,0,0,0,0,0
10508,1,0,1,0,0,0,0,0,0,0,0,0,0,0,0,0,0
10511,1,1,1,0,1,0,0,0,0,0,0,0,0,0,0,0,0
10518,1,0,1,0,1,0,0,0,0,0,0,0,0,0,0,0,0
10523,0,0,0,0,0,0,0,0,0,0,0,0,0,0,0,0,0
10527,1,1,1,0,0,0,0,0,0,0,0,0,0,0,0,0,0
10528,1,0,1,0,1,0,0,0,0,0,0,0,0,0,0,0,0
10530,1,1,1,1,0,0,0,0,0,0,0,0,0,0,0,0,0
10541,1,1,0,0,0,0,0,0,0,0,0,0,0,0,0,0,0
10555,1,0,0,0,0,0,0,0,0,0,0,0,0,0,0,0,0
10561,1,0,0,0,0,0,0,0,0,0,0,0,0,0,0,0,0
10563,1,1,1,0,0,0,0,1,0,0,0,0,0,0,0,0,0
10566,1,1,1,0,0,0,0,0,0,0,0,0,0,0,0,0,0
10569,1,1,1,0,0,0,0,1,0,0,0,0,0,0,0,0,0
10589,1,1,1,1,0,0,0,0,0,0,0,0,0,0,0,0,0
10591,1,0,0,0,0,0,0,0,0,0,0,0,0,0,0,0,0
10601,1,0,0,0,0,0,0,0,0,0,0,0,0,0,0,0,0
10605,1,1,1,0,1,0,0,0,0,0,0,0,0,0,0,0,0
10621,1,1,1,1,0,0,0,0,0,0,0,0,0,0,0,0,0
10633,1,1,1,1,0,0,0,0,0,0,0,0,0,0,0,0,0
10635,1,0,1,0,0,0,0,0,0,0,0,0,0,0,0,0,0
10639,1,1,1,0,0,0,0,0,0,0,0,0,0,0,0,0,0
10648,1,1,1,0,1,0,0,0,0,0,0,0,0,0,0,0,0
10696,1,0,0,0,0,0,0,0,0,0,0,0,0,1,0,0,0
10698,1,1,1,0,0,0,0,0,0,0,0,0,0,0,0,0,0
10704,1,0,0,0,0,0,0,0,0,0,0,0,0,0,0,0,0
10713,1,0,0,0,0,0,0,0,0,0,0,0,0,0,0,0,0
10718,1,0,0,0,1,0,0,0,0,0,0,0,0,0,0,0,0
10720,1,0,1,0,1,0,0,1,0,0,0,0,0,0,0,0,0
10725,1,1,1,0,0,0,0,0,0,0,0,0,0,0,0,0,0
10731,1,1,1,1,1,0,0,0,0,0,0,0,0,0,0,0,0
10734,1,0,0,0,0,0,0,0,0,0,0,0,0,0,0,0,0
10742,1,0,0,0,1,0,0,0,0,0,0,0,0,0,0,0,0
10750,1,0,0,0,0,0,0,0,0,0,0,0,0,0,0,0,0
10758,1,1,1,0,1,0,0,1,0,0,0,0,0,1,1,0,1
10767,1,0,1,0,1,0,0,0,0,0,0,0,0,0,0,0,0
10776,1,1,1,1,1,1,0,1,0,0,0,0,0,0,0,0,0
10783,1,1,1,0,0,0,0,0,0,0,0,0,0,0,0,0,0
10786,1,1,1,1,1,0,0,0,0,0,0,0,0,0,0,0,0
10797,1,0,0,0,0,0,0,0,0,0,0,0,0,0,0,0,0
10801,1,0,1,1,0,0,0,1,0,0,0,0,0,0,0,0,0
10815,1,1,0,0,0,0,0,0,0,0,0,0,0,0,0,0,0
10816,1,0,1,0,0,0,0,0,0,0,0,0,0,0,0,0,0
10823,1,0,0,0,0,0,0,0,0,0,0,0,0,0,0,0,0
10828,1,0,1,0,0,0,0,0,0,0,0,0,0,0,0,0,0
10830,1,1,0,0,0,0,0,1,0,0,0,0,0,0,0,0,0
10833,1,1,1,1,0,0,0,1,0,0,0,0,0,0,0,0,0
10840,1,0,0,0,0,0,0,0,0,0,0,0,0,0,0,0,0
10848,1,0,0,0,0,0,0,0,0,0,0,0,0,0,0,0,0
10861,1,1,1,1,1,0,0,1,0,0,0,0,0,0,1,0,0
10885,1,0,0,0,0,0,0,0,0,0,0,0,0,0,0,0,0
10904,1,0,1,1,0,0,0,0,0,0,0,0,0,0,0,0,0
10913,1,1,1,0,1,0,0,0,0,0,0,0,0,0,0,0,0
10916,0,0,0,0,1,0,0,0,0,0,0,0,0,1,1,0,1
10920,1,1,1,0,0,0,0,0,0,0,0,0,0,0,0,0,0
10956,1,0,1,1,1,0,0,1,0,0,0,0,0,0,0,0,0
10957,1,1,0,0,0,0,0,0,0,0,0,0,0,0,0,0,0
10960,1,0,0,0,0,0,0,0,0,0,0,0,0,0,0,0,0
10962,1,1,0,0,0,0,0,1,0,0,0,0,0,0,0,0,0
10966,1,0,1,0,1,1,0,0,0,0,0,0,0,1,0,0,0
10970,1,0,0,0,1,0,0,0,0,0,0,0,0,0,0,0,0
10976,1,1,1,0,0,0,0,0,0,0,0,0,0,0,0,0,0
10981,1,1,0,0,0,0,0,1,0,0,0,0,0,0,0,1,1
11002,1,1,0,0,0,0,0,0,0,0,0,0,0,0,0,0,0
11004,1,1,0,0,0,0,0,0,0,0,0,0,0,0,0,0,0
11016,1,0,1,0,0,0,0,0,0,0,0,0,0,0,0,0,0
11023,1,0,1,0,0,0,0,1,0,0,0,0,0,0,0,0,0
11025,1,0,0,0,0,0,0,1,0,0,0,0,0,0,0,0,0
11032,1,1,1,1,0,0,0,0,0,0,0,0,0,0,0,0,0
11041,1,0,0,0,0,0,0,0,0,0,0,0,0,0,0,0,0
11045,1,0,0,0,0,0,0,0,0,0,0,0,0,0,0,0,0
11068,1,1,1,0,1,0,0,1,0,0,0,0,0,0,0,0,0
11074,1,1,1,0,0,0,0,0,0,0,0,0,0,0,0,0,0
11076,1,0,0,0,0,0,0,0,0,0,0,0,0,0,0,0,0
11081,1,0,1,0,0,0,0,0,0,0,0,0,0,0,0,0,0
11108,1,1,1,1,1,0,0,1,0,0,0,0,0,0,0,0,0
11124,1,1,1,1,0,0,0,0,0,0,0,0,0,0,0,0,0
11125,1,1,1,0,1,0,0,1,0,0,0,0,0,0,0,0,0
11129,1,1,1,0,1,0,0,0,0,0,0,0,0,0,0,0,0
11136,1,1,1,1,0,0,0,0,0,0,0,0,0,0,0,0,0
11139,1,1,1,0,0,0,0,0,0,0,0,0,0,0,0,0,0
11149,1,0,1,0,0,0,0,0,0,0,0,0,0,0,0,0,0
11159,0,0,1,0,0,0,0,0,0,0,0,0,0,0,0,0,0
11169,1,0,0,0,0,0,0,0,0,0,0,0,0,0,0,0,0
11170,1,0,1,1,0,0,0,1,0,0,0,0,0,0,0,0,0
11178,1,1,1,0,1,1,0,0,0,0,0,0,0,0,0,0,0
11183,1,0,0,0,0,0,0,0,0,0,0,0,0,0,0,0,0
11188,1,0,1,0,0,0,0,0,0,0,0,0,0,0,0,0,0
11195,1,1,0,0,0,0,0,1,0,0,0,0,0,0,0,0,0
11197,1,1,0,0,0,0,0,0,0,0,0,0,0,0,0,0,0
11200,1,0,1,0,0,0,0,1,0,0,0,0,0,0,0,0,0
11209,1,1,1,1,1,0,0,0,0,0,0,0,0,0,0,0,1
11213,1,1,0,0,0,0,0,1,0,0,0,0,0,0,0,0,0
11217,1,1,1,1,0,0,0,1,0,0,0,0,0,0,0,0,1
11226,1,1,1,0,0,0,0,1,0,0,0,0,0,0,0,0,0
11229,1,1,1,0,1,0,0,0,0,0,0,0,0,0,0,0,0
11239,1,0,1,1,0,0,0,0,0,0,0,0,0,0,0,0,0
11241,1,1,1,1,0,0,0,0,0,0,0,0,0,0,0,0,0
11242,1,0,1,0,0,0,0,0,0,0,0,0,0,0,0,0,0
11243,1,0,1,1,1,0,0,0,0,0,0,0,0,0,0,0,0
11251,1,0,0,0,0,0,0,0,0,0,0,0,0,0,0,0,0
11255,1,0,1,0,0,0,0,0,0,0,0,0,0,0,0,0,0
11263,1,0,0,0,0,0,0,0,0,0,0,0,0,0,0,0,0
11269,1,1,1,0,1,0,0,0,0,0,0,0,0,1,0,0,0
11273,1,1,0,1,1,0,0,0,0,0,0,0,0,0,0,0,0
11287,1,1,1,0,1,0,0,1,0,0,0,0,0,0,1,0,1
11288,1,1,1,1,1,0,0,1,0,0,0,0,0,1,0,0,1
11293,1,1,1,0,0,0,0,0,0,0,0,0,0,0,0,0,0
11296,1,0,0,0,0,0,0,0,0,0,0,0,0,0,0,0,0
11306,1,1,1,0,0,0,0,0,0,0,0,0,0,0,0,0,0
11311,1,1,1,1,1,0,0,0,0,0,0,0,0,0,0,0,0
11323,1,1,0,0,0,0,0,0,0,0,0,0,0,0,0,0,0
11330,1,1,0,0,0,0,0,0,0,0,0,0,0,0,0,0,0
11335,1,0,1,0,0,0,0,0,0,0,0,0,0,0,0,0,0
11337,1,0,1,0,1,0,0,0,0,0,0,0,0,0,0,0,0
11346,1,1,1,0,1,0,0,0,0,0,0,0,0,0,0,0,0
11357,1,0,0,0,0,0,0,0,0,0,0,0,0,0,0,0,0
11367,1,0,1,0,0,0,0,0,0,0,0,0,0,0,0,0,0
11377,1,0,1,0,0,0,0,0,0,0,0,0,0,0,0,0,0
11381,1,0,0,0,0,0,0,0,0,0,0,0,0,0,0,0,0
11392,1,0,0,0,0,0,0,0,0,0,0,0,0,0,0,0,0
11401,0,0,0,0,0,0,0,0,0,0,0,0,0,0,1,0,0
11415,1,0,0,0,0,0,0,0,0,0,0,0,0,0,0,0,1
11418,0,0,0,0,0,0,0,0,0,0,0,0,0,0,0,0,0
11423,1,0,0,0,0,0,0,0,0,0,0,0,0,0,0,0,0
11433,1,0,1,0,0,0,0,0,0,0,0,0,0,0,0,0,0
11434,1,1,1,0,0,0,0,0,0,0,0,0,0,0,0,0,0
11436,1,0,1,0,0,0,0,1,0,0,0,0,0,0,0,0,0
11440,1,1,1,0,1,0,0,0,0,0,0,0,0,1,0,0,0
11442,1,1,0,0,0,0,0,1,0,0,0,0,0,0,0,0,0
11445,1,1,1,1,1,0,0,0,0,0,0,0,0,0,0,0,0
11446,1,1,1,0,0,0,0,0,0,0,0,0,0,0,0,0,0
11447,1,0,1,0,0,0,0,0,0,0,0,0,0,0,0,0,0
11451,1,1,0,1,0,0,0,0,0,0,0,0,0,0,0,0,0
11462,1,1,1,1,0,0,0,0,0,0,0,0,0,0,0,0,0
11468,1,0,1,0,1,0,0,0,0,0,0,0,0,0,0,0,0
11471,1,0,1,0,0,0,0,0,0,0,0,0,0,0,0,0,0
11473,1,1,1,0,1,0,0,1,0,0,0,0,0,0,0,0,0
11479,1,1,0,0,0,0,0,0,0,0,0,0,0,0,0,0,0
11483,1,1,1,0,0,0,0,0,0,0,0,0,0,0,0,0,0
11499,1,0,1,0,0,0,0,1,0,0,0,0,0,0,0,0,0
11517,1,1,1,1,1,1,0,0,0,0,0,0,0,0,0,0,0
11532,1,1,1,1,1,0,0,1,0,0,0,0,0,0,0,0,0
11546,0,0,0,0,0,0,0,0,0,0,0,0,0,0,0,0,0
11561,1,0,1,0,0,0,0,0,0,0,0,0,0,0,0,0,0
11567,1,0,1,0,0,0,0,0,0,0,0,0,0,0,0,0,0
11568,1,0,0,0,0,0,0,0,0,0,0,0,0,0,0,0,0
11573,1,1,1,1,0,0,0,0,0,0,0,0,0,0,0,0,0
11575,1,1,1,1,0,0,0,0,0,0,0,0,0,0,0,0,0
11591,1,0,0,0,1,0,0,1,0,0,0,0,0,0,0,0,0
11601,1,0,1,0,0,0,0,0,0,0,0,0,0,0,0,0,0
11603,1,1,1,0,0,0,0,0,0,0,0,0,0,0,0,0,0
11607,1,1,1,0,0,0,0,0,0,0,0,0,0,0,0,0,0
11612,1,0,0,0,0,0,0,0,0,0,0,0,0,0,0,0,0
11626,1,0,0,0,0,0,0,0,0,0,0,0,0,0,0,0,0
11628,1,0,0,0,0,0,0,0,0,0,0,0,0,0,0,0,0
11635,1,1,1,0,1,0,0,0,0,0,1,0,0,1,1,0,1
11641,1,0,0,0,0,0,0,0,0,0,0,0,0,0,0,0,0
11652,1,0,1,0,0,0,0,0,0,0,0,0,0,0,0,0,1
11653,1,0,0,0,0,0,0,0,0,0,0,0,0,0,0,0,1
11659,1,0,1,0,0,0,0,0,0,0,0,0,0,0,0,0,0
11661,1,0,0,0,0,0,0,0,0,0,0,0,0,0,0,0,0
11663,1,1,0,0,0,0,0,0,0,0,0,0,0,0,0,0,0
11667,1,0,1,0,0,0,0,0,0,0,0,0,0,0,0,0,0
11668,1,1,1,1,0,0,0,0,0,0,0,0,0,0,0,0,0
11670,1,0,0,0,0,0,0,1,0,0,0,0,0,0,0,0,0
11683,1,1,1,1,1,0,0,0,0,0,0,0,0,0,0,0,0
11684,1,0,1,0,0,0,0,0,0,0,0,0,0,0,0,0,0
11701,1,1,0,0,0,0,0,0,0,0,0,0,0,0,0,0,0
11712,1,0,0,0,0,0,0,0,0,0,0,0,0,1,0,0,1
11718,1,1,1,0,1,0,0,1,0,0,0,0,0,0,0,0,0
11720,1,1,0,0,0,0,0,0,0,0,0,0,0,0,0,0,0
11727,1,1,1,0,0,0,0,1,0,0,0,0,0,0,0,0,0
11728,1,1,1,0,0,0,0,0,0,0,0,0,0,0,1,0,1
11731,1,1,1,0,0,0,0,0,0,0,0,0,0,0,0,0,0
11736,1,1,1,0,0,0,0,0,0,0,0,0,0,0,0,0,0
11741,0,0,0,0,0,0,0,0,0,0,0,0,0,0,0,0,0
11744,1,1,0,0,0,0,0,0,0,0,0,0,0,0,0,0,0
11762,1,1,1,1,0,0,0,0,0,0,0,0,0,0,0,0,0
11777,1,0,1,0,0,0,0,0,0,0,0,0,0,0,0,0,0
11784,1,1,0,0,1,1,0,1,0,0,0,0,0,0,0,0,0
11789,1,0,1,0,0,0,0,0,0,0,0,0,0,0,0,0,0
11791,1,1,1,1,0,0,0,0,0,0,0,0,0,0,0,0,0
11794,1,1,1,0,0,0,0,1,0,0,0,0,0,0,1,0,1
11803,1,1,1,0,0,0,0,0,0,0,0,0,0,0,0,0,0
11810,1,0,1,1,0,0,0,0,0,0,0,0,0,1,0,0,0
11811,1,0,1,1,1,0,0,0,0,0,0,0,0,0,0,0,0
11825,1,0,1,0,0,0,0,0,0,0,0,0,0,0,0,0,0
11828,1,1,1,0,1,0,0,1,0,0,0,0,0,0,0,0,0
11847,1,0,0,0,0,0,0,0,0,0,0,0,0,0,0,0,0
11851,1,1,1,0,0,0,0,0,0,0,0,0,0,0,0,0,0
11859,1,1,1,0,0,0,0,0,0,0,0,0,0,0,0,0,0
11860,1,1,1,0,1,0,0,0,0,0,0,0,0,0,0,0,0
11864,0,0,0,0,0,0,0,0,0,0,0,0,0,0,0,0,0
11875,1,0,1,0,1,0,0,0,0,0,0,0,0,0,0,0,0
11879,1,0,1,0,0,0,0,0,0,0,0,0,0,0,0,0,0
11884,1,1,1,0,0,0,0,0,0,0,0,0,0,0,0,0,0
11893,1,1,0,0,0,0,0,0,0,0,0,0,0,0,0,0,0
11895,1,1,1,0,0,0,0,0,0,0,0,0,0,0,0,0,1
11909,1,1,1,1,1,0,0,0,0,0,0,0,0,0,0,0,0
11917,1,0,0,0,0,0,0,0,0,0,0,0,0,0,0,0,0
11919,1,0,0,0,0,0,0,0,0,0,0,0,0,0,0,0,0
11929,1,1,1,0,0,0,0,0,0,0,0,0,0,0,0,0,0
11939,1,1,0,0,0,0,0,1,0,0,0,0,0,0,0,0,0
11955,1,0,0,0,0,0,0,0,0,0,0,0,0,1,0,0,0
11959,1,0,0,0,0,0,0,0,0,0,0,0,0,0,0,0,0
11960,1,0,0,0,0,0,0,0,0,0,0,0,0,0,0,0,0
11968,1,1,1,0,0,0,0,0,0,0,0,0,0,0,0,0,0
11986,1,0,0,0,0,1,0,0,0,0,0,0,0,0,0,0,0
11991,1,1,1,0,0,0,0,0,0,0,0,0,0,0,0,0,0
11994,0,0,1,0,0,0,0,0,0,0,0,0,0,0,0,0,0
11999,0,0,1,0,0,0,0,1,0,0,0,0,0,0,0,0,0
12002,1,0,1,0,1,0,0,1,0,0,0,0,0,0,0,0,0
12007,1,0,0,0,0,0,0,0,0,0,0,0,0,0,0,0,0
12018,1,0,1,0,1,0,0,1,0,0,0,0,0,0,0,0,0
12021,1,0,1,0,0,0,0,0,0,0,0,0,0,0,0,0,0
12027,1,1,0,0,0,0,0,0,0,0,0,0,0,0,0,0,0
12029,1,1,1,1,0,0,0,0,0,0,0,0,0,0,0,0,0
12035,1,0,0,0,0,0,0,1,0,0,0,0,0,0,0,0,0
12041,1,1,1,0,0,0,0,0,0,0,0,0,0,0,0,0,0
12050,1,0,0,0,0,0,0,0,0,0,0,0,0,0,0,0,0
12056,1,1,1,1,1,0,0,0,0,0,0,0,0,0,0,0,0
12060,1,0,1,1,0,0,0,0,0,0,0,0,0,0,0,0,0
12061,1,0,1,1,0,0,0,0,0,0,0,0,0,0,0,0,0
12063,1,1,1,0,0,0,0,0,0,0,0,0,0,0,0,0,0
12073,1,1,1,1,0,0,0,0,0,0,0,0,0,0,0,0,0
12078,1,1,1,0,1,0,0,1,0,0,0,0,0,1,0,0,0
12081,1,1,1,0,0,0,1,0,0,0,0,0,0,0,0,0,0
12084,1,1,1,1,0,0,0,0,0,0,0,0,0,0,0,0,0
12091,1,1,1,0,0,0,0,0,0,0,0,0,0,0,0,0,0
12094,1,0,1,1,0,0,0,0,0,0,0,0,0,0,0,0,0
12126,1,1,0,0,0,0,0,0,0,0,0,0,0,0,0,0,0
12133,1,0,1,0,0,0,0,0,0,0,0,0,0,0,0,0,1
12136,1,0,1,0,0,0,0,1,0,0,0,0,0,0,1,0,1
12139,1,0,0,0,1,0,0,1,0,0,0,0,0,0,1,0,1
12142,1,1,1,1,0,0,0,0,0,0,0,0,0,0,0,0,0
12186,1,1,1,0,1,0,0,0,0,0,0,0,0,1,1,0,1
12188,1,1,1,0,0,0,0,0,0,0,0,0,0,0,0,0,0
12191,1,0,0,0,0,0,0,0,0,0,0,0,0,0,0,0,1
12194,1,0,0,0,0,0,0,0,0,0,0,0,0,0,0,0,0
12201,1,1,1,1,0,0,0,0,0,0,0,0,0,0,0,0,0
12211,1,0,1,0,0,0,0,1,0,0,0,0,0,0,0,0,0
12213,1,0,1,0,0,1,0,1,0,0,0,0,0,0,0,0,0
12224,1,1,1,0,0,0,0,0,0,0,0,0,0,0,0,0,0
12226,1,1,0,0,0,0,0,0,0,0,0,0,0,0,0,0,0
12237,1,0,0,0,0,0,0,0,0,0,0,0,0,0,0,0,0
12253,1,1,1,0,0,0,0,0,0,0,0,0,0,0,0,0,0
12262,1,1,0,0,0,0,0,0,0,0,0,0,0,0,0,0,0
12263,1,0,0,0,0,0,0,0,0,0,0,0,0,0,0,0,0
12268,1,0,1,0,0,0,0,0,0,0,0,0,0,0,0,0,0
12269,1,0,0,0,0,0,0,0,0,0,0,0,0,0,0,0,0
12270,1,0,1,0,0,0,0,0,0,0,0,0,0,0,0,0,0
12273,1,1,0,0,0,0,0,1,0,0,0,0,0,0,0,0,0
12281,1,1,1,0,0,0,0,0,0,0,0,0,0,0,0,0,0
12282,1,1,1,0,0,0,0,0,0,0,0,0,0,0,0,0,0
12289,1,1,1,0,0,0,0,0,0,0,0,0,0,0,0,0,0
12294,1,0,1,0,0,0,0,0,0,0,0,0,0,0,1,0,0
12297,1,0,0,0,0,0,0,0,0,0,0,0,0,0,0,0,0
12300,1,1,1,0,1,0,0,1,0,0,0,0,0,0,0,0,0
12306,1,0,0,0,0,0,0,1,0,0,0,0,0,0,0,0,0
12308,1,1,1,0,0,0,0,0,0,0,0,0,0,0,0,0,0
12309,1,1,1,1,1,0,0,0,0,0,0,0,0,1,1,0,1
12310,1,0,0,0,0,0,0,0,0,0,0,0,0,0,0,0,0
12312,1,1,1,1,0,0,0,0,0,0,0,0,0,0,0,0,0
12315,1,1,0,0,0,0,0,0,0,0,0,0,0,0,0,0,0
12318,1,0,1,1,0,1,0,0,0,0,0,0,0,0,1,0,1
12321,1,1,1,1,0,0,0,0,0,0,0,0,0,0,0,0,0
12329,1,0,0,0,0,0,0,0,0,0,0,0,0,0,0,0,0
12331,1,1,0,0,0,0,0,0,0,0,0,0,0,0,0,0,0
12334,1,0,1,0,0,0,0,0,0,0,0,0,0,0,0,0,0
12343,1,0,0,0,0,0,0,0,0,0,0,0,0,0,0,0,0
12345,1,0,0,0,0,0,0,0,0,0,0,0,0,0,0,0,0
12358,1,0,1,0,0,0,0,0,0,0,0,0,0,0,0,0,0
12363,1,0,0,0,0,0,0,0,0,0,0,0,0,0,0,0,0
12365,1,1,1,0,0,0,0,0,0,0,0,0,0,0,0,0,0
12367,1,1,1,1,0,0,0,0,0,0,0,0,0,0,0,0,1
12370,1,1,1,0,0,0,0,0,0,0,0,0,0,0,0,0,0
12373,1,1,1,1,0,0,0,0,0,0,0,0,0,0,0,0,0
12377,0,0,0,0,0,0,0,1,0,0,0,0,0,0,0,0,0
12380,1,0,0,0,1,0,0,0,0,0,0,0,0,0,0,0,0
12381,1,0,0,0,0,0,0,0,0,0,0,0,0,0,0,0,0
12388,1,1,1,0,0,0,0,0,0,0,0,0,0,0,0,0,0
12406,1,0,1,0,0,0,0,0,0,0,0,0,0,0,0,0,0
12410,1,1,1,0,0,0,0,1,0,0,0,0,0,0,0,0,0
12437,1,0,0,0,0,0,0,0,0,0,0,0,0,0,0,0,0
12444,1,0,1,0,0,0,0,0,0,0,0,0,0,0,0,0,0
12446,1,0,0,0,0,0,0,0,0,0,0,0,0,0,0,0,0
12447,1,0,1,0,0,0,0,0,0,0,0,0,0,0,0,0,0
12451,1,0,0,0,0,0,0,0,0,0,0,0,0,0,0,0,0
12460,1,0,1,0,0,0,0,0,0,0,0,0,0,0,0,0,0
12462,1,1,1,1,0,0,0,0,0,0,0,0,0,0,0,0,0
12465,1,1,1,0,1,0,0,0,0,0,0,0,0,0,1,0,0
12471,1,0,1,0,0,0,0,0,0,0,0,0,0,0,0,0,0
12483,1,0,0,0,0,0,0,0,0,0,0,0,0,0,0,0,0
12491,1,1,1,0,1,0,0,0,0,0,0,0,0,0,0,0,0
12493,1,1,0,0,0,0,0,0,0,0,0,0,0,0,0,0,0
12496,1,0,1,0,0,0,0,0,0,0,0,0,0,0,0,0,0
12502,1,1,1,1,1,0,0,0,0,0,0,0,0,0,0,0,0
12504,1,1,1,1,0,0,0,0,0,0,0,0,0,0,0,0,0
12519,0,0,0,0,0,0,0,0,0,0,0,0,0,0,0,0,0
12521,1,0,1,0,0,0,0,0,0,0,0,0,0,0,0,0,0
12522,1,0,1,1,1,0,0,0,0,0,0,0,0,0,0,0,0
12532,1,1,0,0,0,0,0,0,0,0,0,0,0,0,0,0,0
12533,1,0,0,0,0,0,0,0,0,0,0,0,0,0,0,0,0
12534,1,0,1,0,0,0,0,0,0,0,0,0,0,0,0,0,0
12537,1,0,1,1,0,0,0,0,0,0,0,0,0,0,0,0,0
12546,1,0,0,0,0,0,0,0,0,0,0,0,0,0,0,0,0
12549,1,0,0,0,0,0,0,0,0,0,0,0,0,0,0,0,0
12553,1,0,1,1,0,0,0,1,0,0,0,0,0,0,1,0,0
12556,1,1,1,0,1,0,0,0,0,0,0,0,0,0,0,0,0
12563,1,0,1,0,0,0,0,0,0,0,0,0,0,0,0,0,0
12568,1,1,1,1,0,0,0,0,0,0,0,0,0,1,1,0,1
12571,1,1,1,0,1,0,0,0,0,0,0,0,0,1,1,0,1
12573,1,1,0,0,0,0,0,0,0,0,0,0,0,0,0,0,0
12575,1,1,0,0,0,0,0,1,0,0,0,0,0,0,0,0,0
12578,1,0,1,0,1,0,0,0,0,0,0,0,0,0,1,0,1
12582,1,0,1,0,0,0,0,0,0,0,0,0,0,0,0,0,1
12587,1,1,1,1,0,0,0,0,0,0,0,0,0,0,0,0,0
12595,1,0,1,0,0,0,0,0,0,0,0,0,0,0,0,0,0
12600,1,0,1,0,0,0,0,0,0,0,0,0,0,0,0,0,0
12601,1,0,0,0,0,0,0,0,0,0,0,0,0,0,0,0,0
12614,1,1,1,1,1,0,0,0,0,0,0,0,0,0,0,0,0
12631,0,0,0,0,0,0,0,0,0,0,0,0,0,0,0,0,0
12635,1,0,1,0,0,0,0,0,0,0,0,0,0,0,0,0,0
12638,1,1,1,0,0,0,0,0,0,0,0,0,0,0,0,0,0
12643,1,0,1,0,0,0,0,0,0,0,0,0,0,0,0,0,1
12644,0,0,0,0,0,0,0,1,0,0,0,0,0,0,0,0,0
12645,1,1,1,0,0,0,0,0,0,0,0,0,0,1,1,0,1
12649,1,0,0,0,0,0,0,1,0,0,0,0,0,0,0,0,0
12652,1,0,1,0,0,0,0,0,0,0,0,0,0,0,0,0,0
12656,1,0,1,0,0,0,0,0,0,0,0,0,0,0,0,0,0
12664,1,0,1,0,1,0,0,1,0,0,0,0,0,0,0,0,0
12675,1,0,1,0,0,0,0,0,0,0,0,0,0,0,0,0,0
12682,1,0,1,0,0,0,0,0,0,0,0,0,0,0,0,0,0
12683,1,0,1,0,0,0,0,0,0,0,0,0,0,0,0,0,0
12693,1,0,0,0,0,0,0,0,0,0,0,0,0,0,0,0,0
12698,1,1,1,0,0,0,0,0,0,0,0,0,0,0,0,0,0
12705,1,0,0,1,0,0,0,0,0,0,0,0,0,0,0,0,1
12706,1,0,1,0,0,0,0,0,0,0,0,0,0,0,0,0,0
12712,1,1,1,0,0,0,0,0,0,0,0,0,0,0,0,0,0
12714,1,0,0,0,0,0,0,0,0,0,0,0,0,0,0,0,0
12723,1,0,0,0,0,0,0,0,0,0,0,0,0,0,0,0,0
12726,1,1,1,0,1,0,0,1,0,0,0,0,0,0,0,0,0
12733,1,1,1,1,1,0,0,0,0,0,0,0,0,0,0,0,0
12737,1,1,1,1,1,1,0,1,0,0,0,0,0,0,0,0,0
12741,1,0,1,1,0,0,0,0,0,0,0,0,0,0,0,0,0
12743,1,0,1,0,0,0,0,0,0,0,0,0,0,0,0,0,0
12760,1,1,1,1,1,1,0,1,0,0,0,0,0,0,0,0,0
12770,1,1,1,0,0,0,0,0,0,0,0,0,0,0,0,0,0
12774,0,0,0,0,0,0,0,0,0,0,0,0,0,0,0,0,0
12783,1,1,1,1,0,1,0,0,0,0,0,0,0,0,0,0,0
12786,1,0,0,0,0,0,0,0,0,0,0,0,0,0,0,0,0
12796,1,0,1,0,0,0,0,0,0,0,0,0,0,0,0,0,0
12806,1,0,1,0,0,0,0,0,0,0,0,0,0,0,0,0,0
12807,1,1,1,0,0,0,0,0,0,0,0,0,0,0,0,0,0
12808,1,1,1,1,1,0,0,1,0,0,0,0,0,0,0,0,0
12809,1,0,0,0,0,0,0,0,0,0,0,0,0,0,0,0,0
12817,1,1,1,1,0,0,0,1,0,0,0,0,0,0,1,0,1
12818,1,1,1,0,0,0,0,0,0,0,0,0,0,0,0,0,0
12823,1,0,1,0,0,0,0,0,0,0,0,0,0,0,0,0,0
12824,1,0,0,0,0,0,0,0,0,0,0,0,0,0,0,0,0
12828,1,0,1,0,0,0,0,0,0,0,0,0,0,0,0,0,0
12829,1,0,0,0,0,0,0,0,0,0,0,0,0,0,0,0,0
12830,1,1,0,0,0,0,0,0,0,0,0,0,0,0,0,0,0
12833,1,1,1,0,0,0,0,1,0,0,0,0,0,0,0,0,0
12840,1,0,0,1,0,0,0,0,0,0,0,0,0,0,0,0,0
12843,1,0,0,0,1,0,0,0,0,0,0,0,0,0,0,0,0
12852,1,0,1,0,0,0,0,0,0,0,0,0,0,0,0,0,0
12853,1,1,0,0,0,0,0,0,0,0,0,0,0,0,0,0,0
12856,1,0,0,0,1,0,0,0,0,0,0,0,0,0,0,0,0
12858,1,0,0,0,0,0,0,0,0,0,0,0,0,0,0,0,0
12865,1,1,1,0,0,0,0,1,0,0,0,0,0,1,0,0,0
12869,1,0,1,0,0,0,0,0,0,0,0,0,0,0,0,0,0
12872,1,0,0,1,1,0,0,1,0,0,0,0,0,1,1,1,0
12874,1,0,0,0,0,0,0,0,0,0,0,0,0,0,0,0,0
12876,1,0,1,1,1,0,0,0,0,0,0,0,0,0,0,0,0
12890,1,1,1,0,0,0,0,0,0,0,0,0,0,0,0,0,0
12894,1,0,1,0,0,0,0,0,0,0,0,0,0,0,0,0,0
12897,1,0,0,0,0,0,0,0,0,0,0,0,0,0,0,0,0
12898,1,0,0,0,0,0,0,0,0,0,0,0,0,0,0,0,0
12903,1,1,1,0,1,0,0,0,0,0,0,0,0,0,0,0,0
12912,1,1,1,1,0,0,0,0,0,0,0,0,0,0,0,0,0
12919,1,1,1,0,0,0,0,0,0,0,0,0,0,0,0,0,0
12922,1,0,0,0,0,0,0,0,0,0,0,0,0,0,0,0,0
12925,1,1,0,0,1,0,0,1,0,0,0,0,0,1,0,0,0
12931,1,1,1,0,0,0,0,0,0,0,0,0,0,0,0,0,0
12939,1,1,0,0,0,0,0,0,0,0,0,0,0,0,0,0,0
12941,1,1,1,0,0,0,0,0,0,0,0,0,0,0,0,0,0
12953,1,1,0,1,0,0,0,0,0,0,0,0,0,0,0,0,0
12961,1,1,1,0,0,0,0,0,0,0,0,0,0,0,0,0,0
12962,1,0,0,0,0,0,0,0,0,0,0,0,0,0,0,0,0
12965,0,0,0,0,0,0,0,0,0,0,0,0,0,0,0,0,0
12967,1,1,1,0,1,0,0,0,0,0,0,0,0,0,0,0,0
12970,1,0,0,0,0,0,0,0,0,0,0,0,0,0,0,0,0
12978,1,1,1,1,0,0,0,0,0,0,0,0,0,0,0,0,0
12988,1,1,0,0,0,0,0,0,0,0,0,0,0,0,0,0,0
12998,1,0,0,0,0,0,0,0,0,0,0,0,0,0,0,0,0
13002,1,0,0,0,0,0,0,0,0,0,0,0,0,0,0,0,0
13009,1,0,1,1,1,0,0,1,0,0,0,0,0,0,0,0,0
13031,1,0,0,0,0,0,0,0,0,0,0,0,0,0,0,0,0
13033,1,1,0,0,1,0,0,1,0,0,0,0,0,0,0,0,0
13042,1,1,1,1,0,0,0,0,0,0,0,0,0,0,0,0,0
13047,1,0,1,0,0,0,0,0,0,0,0,0,0,0,0,0,0
13065,1,0,0,0,0,0,0,0,0,0,0,0,0,0,0,0,0
13070,1,1,1,0,0,0,0,0,0,0,0,0,0,0,0,0,0
13074,1,0,1,0,0,0,0,0,0,0,0,0,0,0,0,0,0
13080,1,0,0,0,0,0,0,0,0,0,0,0,0,0,0,0,0
13081,1,1,1,1,0,0,0,0,0,0,0,0,0,0,0,0,0
13096,1,0,1,0,0,0,0,1,0,0,0,0,0,0,0,0,0
13102,0,0,0,0,0,0,0,0,0,0,0,0,0,0,0,0,0
13111,1,1,1,0,0,0,0,0,0,0,0,0,0,0,0,0,0
13113,1,0,1,0,1,0,0,0,0,0,0,0,0,0,0,0,0
13116,1,0,0,0,0,0,0,0,0,0,0,0,0,0,0,0,0
13121,1,1,1,1,0,0,0,0,0,0,0,0,0,0,0,0,0
13122,1,1,1,0,0,0,0,0,0,0,0,0,0,0,0,0,0
13125,1,0,1,1,1,0,0,0,0,0,0,0,0,0,1,0,0
13141,1,0,1,1,0,0,0,0,0,0,0,0,0,0,0,0,0
13148,1,1,0,0,0,0,0,0,0,0,0,0,0,0,0,0,0
13149,1,1,1,0,0,0,0,0,0,0,0,0,0,0,0,0,0
13153,1,0,1,0,0,0,0,0,0,0,0,0,0,1,1,0,1
13159,1,1,0,0,0,0,0,0,0,0,0,0,0,0,0,0,0
13172,1,0,0,0,0,0,0,0,0,0,0,0,0,0,0,0,0
13180,1,0,0,0,0,0,0,0,0,0,0,0,0,0,0,0,0
13183,1,1,1,0,0,0,0,0,0,0,0,0,0,0,0,0,0
13186,0,0,0,0,0,0,0,0,0,0,0,0,0,0,0,0,0
13198,1,1,1,1,0,0,0,0,0,0,0,0,0,0,0,0,0
13211,1,0,0,0,1,0,0,0,0,0,0,0,0,0,0,0,0
13220,1,1,0,0,1,0,0,0,0,0,0,0,0,0,0,0,0
13229,1,1,1,1,1,0,0,1,0,0,0,0,0,0,0,0,1
13249,1,1,0,0,0,0,0,0,0,0,0,0,0,0,0,0,0
13255,1,1,0,0,0,0,0,0,0,0,0,0,0,0,0,0,0
13260,1,1,1,0,0,0,0,0,0,0,0,0,0,0,0,0,0
13266,1,0,0,0,0,0,0,0,0,0,0,0,0,0,0,0,0
13286,1,1,1,0,1,0,0,1,0,0,0,0,0,0,0,0,1
13287,1,1,1,0,1,0,0,1,0,0,0,0,0,0,0,0,0
13289,1,1,1,1,0,0,0,0,0,0,0,0,0,0,0,0,0
13295,1,0,1,0,0,0,0,0,0,0,0,0,0,0,0,0,0
13297,1,1,1,0,1,0,0,0,0,0,0,0,0,0,0,0,0
13308,1,0,1,0,0,0,0,0,0,0,0,0,0,0,0,0,0
13313,1,0,1,0,0,0,0,0,0,0,0,0,0,0,0,0,0
13317,1,1,1,0,0,0,0,0,0,0,0,0,0,1,0,0,0
13328,1,1,1,0,1,0,0,0,0,0,0,0,0,0,0,0,1
13329,1,0,0,0,0,0,0,0,0,0,0,0,0,0,0,0,0
13331,1,0,1,1,0,0,0,1,0,0,0,0,0,0,1,0,0
13333,1,1,1,1,0,0,0,0,0,0,0,0,0,0,0,0,0
13334,1,1,0,0,1,1,0,0,0,0,0,0,0,0,0,0,0
13335,1,0,1,0,0,0,0,0,0,0,0,0,0,0,0,0,0
13338,1,1,0,0,0,0,0,0,0,0,0,0,0,0,0,0,0
13342,1,0,1,0,0,0,0,0,0,0,0,0,0,0,0,0,0
13343,1,0,1,1,1,0,0,0,0,0,0,0,0,0,0,0,0
13351,1,0,1,1,0,0,0,1,0,0,0,0,0,0,0,0,0
13355,1,0,0,0,0,0,0,0,0,0,0,0,0,0,0,0,0
13359,1,0,1,1,0,0,0,0,0,0,0,0,0,0,0,0,0
13369,1,0,0,0,0,0,0,0,0,0,0,0,0,0,0,0,0
13372,1,1,0,0,1,0,0,0,0,0,0,0,0,0,0,0,0
13382,1,0,0,0,0,0,0,0,0,0,0,0,0,0,0,0,0
13386,1,0,0,0,0,0,0,0,0,0,0,0,0,0,0,0,0
13388,1,1,0,0,0,0,0,0,0,0,0,0,0,0,0,0,0
13389,1,1,1,0,0,0,1,0,0,0,0,0,0,0,0,0,0
13390,1,0,0,0,0,0,0,0,0,0,0,0,0,0,0,0,0
13397,1,1,0,1,0,0,0,0,0,0,0,0,0,0,1,0,0
13400,1,1,1,0,0,0,0,0,0,0,0,0,0,0,0,0,0
13402,1,0,0,0,0,0,0,0,0,0,0,0,0,0,0,0,0
13415,0,0,0,0,0,0,0,0,0,0,0,0,0,0,0,0,0
13420,1,0,0,0,0,0,0,0,0,0,0,0,0,0,0,0,0
13425,1,0,0,0,0,0,0,0,0,0,0,0,0,0,0,0,0
13427,1,1,1,0,0,0,0,0,0,0,0,0,0,0,0,0,0
13432,1,0,0,0,0,0,0,0,0,0,0,0,0,0,0,0,0
13439,1,0,1,0,0,0,0,0,0,0,0,0,0,0,0,0,0
13441,1,0,1,0,0,0,0,0,0,0,0,0,0,0,0,0,0
13444,1,0,1,0,0,0,0,0,0,0,0,0,0,0,0,0,0
13449,0,0,0,0,0,0,0,0,0,0,0,0,0,0,0,0,0
13451,1,0,0,0,0,0,0,0,0,0,0,0,0,0,0,0,0
13452,1,0,0,0,0,0,0,0,0,0,0,0,0,0,0,0,0
13462,0,0,0,0,0,0,0,0,0,0,0,0,0,0,0,0,0
13470,1,0,1,1,0,0,0,0,0,0,0,0,0,0,0,0,0
13471,1,0,1,0,0,0,0,0,0,0,0,0,0,0,0,0,0
13498,1,0,0,0,0,0,0,0,0,0,0,0,0,0,0,0,0
13534,1,0,1,0,0,0,0,0,0,0,0,0,0,0,0,0,0
13537,1,0,0,0,0,0,0,0,0,0,0,0,0,0,0,0,0
13540,1,0,1,0,0,0,0,0,0,0,0,0,0,0,0,0,0
13547,1,0,0,0,0,0,0,0,0,0,0,0,0,0,0,0,0
13551,1,0,0,1,1,0,0,0,0,0,0,0,0,0,0,0,0
13591,1,0,0,0,0,0,0,0,0,0,0,0,0,0,0,0,1
13597,1,0,1,0,0,0,0,0,0,0,0,0,0,0,0,0,0
13601,1,0,0,0,0,0,0,0,0,0,0,0,0,0,0,0,0
13612,1,0,0,0,0,0,0,0,0,0,0,0,0,1,1,0,1
13613,1,0,0,0,0,0,0,0,0,0,0,0,0,0,0,0,0
13615,1,1,1,0,0,0,0,0,0,0,0,0,0,0,0,0,0
13622,1,0,0,0,0,0,0,0,0,0,0,0,0,0,0,0,0
13626,1,1,0,0,0,0,0,1,0,0,0,0,0,0,0,0,0
13631,1,0,1,1,0,0,0,0,0,0,0,0,0,1,0,0,0
13634,1,1,1,1,1,0,0,1,0,0,0,0,0,0,0,0,0
13648,1,1,1,0,0,0,0,1,0,0,0,0,0,0,0,0,1
13650,1,1,1,0,1,0,0,0,0,0,0,0,0,1,0,0,0
13658,1,1,1,0,0,0,0,0,0,0,0,0,0,0,0,0,0
13660,1,1,1,0,0,0,0,0,0,0,0,0,0,0,0,0,0
13670,1,0,0,0,0,0,0,0,0,0,0,0,0,0,0,0,0
13672,1,0,0,0,1,0,0,0,0,0,0,0,0,0,0,0,0
13675,1,0,0,0,0,0,0,0,0,0,0,0,0,0,0,0,0
13681,1,0,0,1,0,0,0,0,0,0,0,0,0,0,0,0,0
13683,1,1,1,0,1,0,0,0,0,0,0,0,0,1,1,0,1
13685,1,0,0,0,1,0,0,0,0,0,0,0,0,0,0,0,0
13686,1,0,0,0,1,0,0,0,0,0,0,0,0,0,0,0,0
13696,1,0,0,0,0,0,0,0,0,0,0,0,0,0,0,0,0
13697,1,0,0,0,0,0,0,0,0,0,0,0,0,0,0,0,0
13701,0,0,1,0,0,0,0,0,0,0,0,0,0,0,0,0,0
13704,1,0,0,0,0,0,0,0,0,0,0,0,0,0,0,0,0
13744,1,1,0,0,0,0,0,0,0,0,0,0,0,0,0,0,0
13745,1,0,0,0,0,0,0,0,0,0,0,0,0,0,0,0,0
13749,1,0,0,0,0,0,0,0,0,0,0,0,0,0,0,0,0
13752,1,1,1,1,0,0,0,1,0,0,0,0,0,0,0,0,0
13754,1,1,1,0,0,0,0,0,0,0,0,0,0,0,0,0,0
13762,1,0,1,0,0,0,0,0,0,0,0,0,0,0,0,0,0
13765,1,1,1,0,0,0,0,1,0,0,0,0,0,0,0,0,0
13768,1,0,0,0,0,0,0,0,0,0,0,0,0,0,0,0,0
13777,1,1,0,0,0,0,0,0,0,0,0,0,0,0,0,0,0
13778,1,1,1,0,1,0,0,1,0,0,0,0,0,1,1,0,0
13780,1,1,1,0,0,0,0,0,0,0,0,0,0,0,1,0,1
13785,1,1,1,0,0,0,0,1,0,0,0,0,0,0,0,0,0
13792,1,0,0,0,0,0,0,0,0,0,0,0,0,0,0,0,0
13795,1,1,0,1,1,0,0,0,0,0,0,0,0,0,1,0,1
13802,1,0,1,0,1,0,0,1,0,0,0,0,0,0,0,0,1
13824,1,0,1,0,0,0,0,1,0,0,0,0,0,0,0,0,0
13847,1,0,1,0,0,0,0,0,0,0,0,0,0,0,0,0,0
13852,1,0,1,1,0,0,0,0,0,0,0,0,0,0,0,0,0
13854,1,1,1,1,1,0,0,0,0,0,0,0,0,0,1,0,1
13855,1,1,1,0,0,0,0,0,0,0,0,0,0,0,0,0,0
13856,1,1,1,1,0,0,0,0,0,0,0,0,0,0,0,0,0
13861,1,1,1,0,0,0,0,0,0,0,0,0,0,0,0,0,0
13863,1,1,1,0,1,0,0,0,0,0,0,0,0,0,0,0,0
13869,1,0,1,0,0,0,0,0,0,0,0,0,0,0,0,0,0
13870,1,1,1,0,0,0,0,1,0,0,0,0,0,0,0,0,0
13874,1,1,1,1,1,0,0,0,0,0,0,0,0,0,0,0,0
13880,0,0,0,0,0,0,0,1,0,0,0,0,0,0,0,0,0
13882,1,0,1,0,0,0,0,0,0,0,0,0,0,0,0,0,0
13884,1,1,1,0,0,0,0,0,0,0,0,0,0,0,0,0,0
13889,1,0,0,0,0,0,0,0,0,0,0,0,0,0,0,0,0
13891,1,1,0,0,0,0,0,0,0,0,0,0,0,0,0,0,0
13906,1,1,1,0,1,0,0,0,0,0,0,0,0,0,0,0,0
13908,1,1,0,0,0,0,0,0,0,0,0,0,0,0,0,0,0
13910,1,1,1,1,0,0,0,0,0,0,0,0,0,0,0,0,0
13911,1,1,1,0,0,0,0,0,0,0,0,0,0,0,0,0,0
13920,1,0,0,0,0,0,0,0,0,0,0,0,0,0,0,0,0
13928,1,1,1,0,0,0,0,0,0,0,0,0,0,0,0,0,0
13953,1,0,0,0,0,0,0,0,0,0,0,0,0,0,0,0,0
13956,1,0,0,0,0,0,0,0,0,0,0,0,0,0,0,0,0
13966,1,0,0,0,0,0,0,0,0,0,0,0,0,0,0,0,0
13968,1,1,1,1,1,0,0,1,0,0,0,0,0,0,0,0,0
13969,1,1,1,0,0,0,0,0,0,0,0,0,0,0,0,0,0
13971,1,1,1,0,0,0,0,0,0,0,0,0,0,0,0,0,0
13979,1,0,0,0,0,0,0,0,0,0,0,0,0,0,0,0,0
13981,1,0,0,0,0,0,0,0,0,0,0,0,0,0,0,0,0
13989,1,1,0,0,0,0,0,0,0,0,0,0,0,0,0,0,0
13991,1,1,1,0,0,0,0,0,0,0,0,0,0,0,0,0,0
14000,1,1,0,0,0,0,0,0,0,0,0,0,0,0,0,0,0
14008,1,0,1,0,0,0,0,0,0,0,0,0,0,0,0,0,0
14010,1,1,1,0,0,0,0,0,0,0,0,0,0,0,0,0,0
14012,1,0,0,0,0,0,0,0,0,0,0,0,0,0,0,0,0
14016,1,1,0,0,1,0,0,0,0,0,0,0,0,0,0,0,0
14017,1,0,1,0,0,0,0,0,0,0,0,0,0,0,0,0,0
14025,1,0,1,0,0,0,0,0,0,0,0,0,0,0,0,0,0
14030,1,1,1,0,0,0,0,0,0,0,0,0,0,0,0,0,0
14032,1,1,1,1,1,0,0,0,0,0,0,0,0,0,0,0,0
14033,1,1,0,0,0,0,0,0,0,0,0,0,0,0,0,0,0
14034,1,0,0,0,0,0,0,0,0,0,0,0,0,0,0,0,0
14042,1,1,0,0,1,0,0,0,0,0,0,0,0,0,0,0,0
14047,1,1,1,1,0,0,0,0,0,0,0,0,0,0,0,0,0
14050,1,0,0,0,0,0,0,0,0,0,0,0,0,0,0,0,0
14052,1,0,1,1,0,0,0,0,0,0,0,0,0,0,0,0,0
14054,1,1,1,0,1,0,0,1,0,0,0,0,0,0,0,0,0
14061,1,0,0,0,0,0,0,0,0,0,0,0,0,0,0,0,0
14062,1,0,0,0,0,0,0,0,0,0,0,0,0,0,0,0,0
14067,1,0,0,0,0,0,0,0,0,0,0,0,0,0,0,0,0
14072,1,1,1,0,0,0,0,0,0,0,0,0,0,0,0,0,0
14074,1,0,1,0,0,0,1,0,0,0,0,0,0,1,1,0,1
14084,1,0,1,0,0,0,0,0,0,0,0,0,0,0,0,0,0
14091,0,1,1,0,0,0,0,0,0,0,0,0,0,0,0,0,0
14096,1,1,1,0,0,0,0,0,0,0,0,0,0,0,0,0,0
14112,1,0,0,0,0,0,0,0,0,0,0,0,0,0,0,0,0
14116,1,1,1,1,0,0,0,0,0,0,0,0,0,0,0,0,1
14122,1,1,1,0,1,0,0,1,0,0,0,0,0,0,0,0,0
14125,1,0,0,0,0,0,0,0,0,0,0,0,0,0,1,0,0
14139,1,1,1,0,1,0,0,0,0,0,0,0,0,1,0,0,0
14141,1,0,0,0,0,0,0,0,0,1,0,0,0,0,0,1,0
14147,1,0,0,0,0,0,0,0,0,0,0,0,0,0,1,0,0
14148,1,1,1,0,1,0,0,0,0,0,0,0,0,0,0,0,0
14163,1,0,0,0,0,0,0,0,0,0,0,0,0,0,0,0,0
14177,1,1,1,0,0,0,0,0,0,0,0,0,0,0,0,0,0
14181,1,0,0,0,0,0,0,0,0,0,0,0,0,0,0,0,0
14182,0,0,0,0,0,0,0,0,0,0,0,0,0,0,0,0,0
14184,1,1,1,0,0,0,0,0,0,0,0,0,0,0,0,0,0
14188,1,1,1,0,0,0,0,0,0,0,0,0,0,0,0,0,0
14198,1,0,1,0,0,0,0,0,0,0,0,0,0,0,0,0,0
14200,1,1,1,0,0,0,0,0,0,0,0,0,0,0,0,0,0
14229,1,1,1,0,0,0,0,0,0,0,0,0,0,0,0,0,0
14230,1,0,1,0,0,0,0,0,0,0,0,0,0,0,0,0,0
14231,1,0,1,0,0,0,0,0,0,0,0,0,0,0,0,0,0
14234,1,0,1,1,0,0,0,0,0,0,0,0,0,0,0,0,0
14238,1,0,1,1,0,0,0,0,0,0,0,0,0,0,0,0,0
14254,0,0,0,0,0,0,0,0,0,0,0,0,0,0,0,0,0
14255,1,0,0,0,0,0,0,1,0,0,0,0,0,0,0,0,0
14257,1,1,0,0,0,0,0,0,0,0,0,0,0,0,0,0,0
14259,1,1,0,1,0,0,0,0,0,0,0,0,0,0,0,0,0
14263,1,0,0,0,1,0,0,0,0,0,0,0,0,0,0,0,0
14266,1,0,0,0,0,0,0,0,0,0,0,0,0,0,0,0,0
14269,1,0,0,0,0,0,0,0,0,0,0,0,0,0,0,0,0
14280,1,1,1,1,1,1,0,1,0,0,0,0,0,0,0,0,0
14316,1,1,1,1,1,0,0,0,1,0,0,0,0,0,0,0,1
14325,1,0,0,0,0,0,0,0,0,0,0,0,0,0,0,0,0
14341,1,1,0,0,0,0,0,0,0,0,0,0,0,0,0,0,0
14344,1,1,0,1,1,0,0,1,0,0,0,0,0,0,0,0,0
14346,1,0,0,0,0,0,0,0,0,0,0,0,0,0,0,0,0
14348,1,0,0,0,1,0,0,0,0,0,0,0,0,0,0,0,0
14355,1,0,1,0,1,0,0,0,0,0,0,0,0,0,0,0,1
14372,1,0,1,0,1,0,0,1,0,0,0,0,0,0,0,0,0
14383,1,0,1,0,1,0,0,0,0,0,0,0,0,0,1,0,1
14387,1,1,0,0,0,0,0,0,0,0,0,0,0,0,0,0,0
14390,1,0,0,0,0,0,0,0,0,0,0,0,0,0,0,0,0
14391,1,0,1,1,0,0,0,1,0,0,0,0,0,0,0,0,0
14404,1,0,0,0,0,0,0,0,0,0,0,0,0,0,0,0,0
14407,1,0,0,0,0,0,0,0,0,0,0,0,0,0,0,0,0
14427,1,0,0,0,0,0,0,0,0,0,0,0,0,0,0,0,0
14443,1,0,1,0,0,0,0,0,0,0,0,0,0,0,0,0,0
14444,1,1,1,0,0,0,0,1,0,0,0,0,0,0,0,0,0
14446,1,1,1,0,0,0,0,0,0,0,0,0,0,0,0,0,0
14452,1,0,1,0,0,0,0,0,0,0,0,0,0,0,0,0,0
14453,1,1,0,0,0,0,0,0,0,0,0,0,0,0,0,0,0
14457,1,1,1,1,1,0,0,1,0,0,0,0,0,0,0,0,0
14500,1,0,1,1,0,0,0,0,0,0,0,0,0,0,0,0,1
14515,1,1,0,0,0,0,0,0,0,0,0,0,0,0,0,0,0
14526,1,0,1,1,0,0,0,1,0,0,0,0,0,0,0,0,0
14536,1,0,0,0,0,0,0,1,0,0,0,0,0,0,0,0,0
14537,1,0,0,1,0,0,0,0,0,0,0,0,0,1,0,0,1
14541,1,1,0,0,0,0,0,0,0,0,0,0,0,0,0,0,0
14554,1,0,1,0,0,0,0,0,0,0,0,0,0,0,0,0,0
14565,1,1,1,0,0,0,0,0,0,0,0,0,0,0,0,0,0
14572,1,0,1,1,0,0,0,0,0,0,0,0,0,0,0,0,0
14582,1,0,1,0,0,0,0,0,0,0,0,0,0,0,0,0,0
14588,1,0,1,0,0,0,0,0,0,0,0,0,0,0,0,0,0
14601,1,0,0,1,0,0,0,0,0,0,0,0,0,0,0,0,0
14602,0,0,0,0,0,0,0,0,0,0,0,0,0,0,0,0,1
14609,1,0,1,0,1,0,0,0,0,0,0,0,0,0,0,0,0
14615,1,1,1,0,0,0,0,0,0,0,0,0,0,0,0,0,1
14618,1,0,0,0,0,0,0,0,0,0,0,0,0,0,0,0,0
14621,1,0,1,0,0,0,0,0,0,0,0,0,0,0,0,0,0
14627,1,1,1,0,1,0,0,0,0,0,0,0,0,0,0,0,0
14662,1,1,1,1,0,0,0,0,0,0,0,0,0,0,0,0,0
14666,1,0,0,0,0,0,0,0,0,0,0,0,0,0,0,0,0
14670,1,0,1,0,0,0,0,0,0,0,0,0,0,0,0,0,0
14673,1,1,1,1,1,0,0,0,0,0,0,0,0,0,0,0,0
14683,1,1,1,0,0,0,0,0,0,0,0,0,0,0,1,0,1
14713,1,1,1,1,0,0,0,0,0,0,0,0,0,0,0,0,0
14718,1,1,1,0,0,0,0,1,0,0,0,0,0,1,0,0,0
14720,1,0,0,0,0,0,0,0,0,0,0,0,0,0,0,0,0
14724,1,1,1,1,1,0,0,1,0,0,0,0,0,1,0,0,0
14730,1,0,1,0,0,0,0,0,0,0,0,0,0,0,0,0,0
14740,1,0,1,0,0,0,0,0,0,0,0,0,0,0,0,0,0
14744,1,0,1,0,0,0,0,0,0,0,0,0,0,0,0,0,0
14761,1,0,0,0,0,0,0,0,0,0,0,0,0,0,1,0,1
14771,1,0,0,0,0,0,0,0,0,0,0,0,0,0,0,0,1
14787,1,0,0,0,0,0,0,0,0,0,0,0,0,0,0,0,0
14792,1,0,1,0,0,0,0,0,0,0,0,0,0,0,0,0,0
14796,1,0,0,0,0,0,0,0,0,0,0,0,0,0,0,0,0
14802,1,1,0,0,1,0,0,0,0,0,0,0,0,0,0,0,0
14803,1,1,1,0,0,0,0,0,0,0,0,0,0,0,0,0,0
14811,1,0,1,0,0,0,0,0,0,0,0,0,0,0,0,0,0
14822,1,0,1,1,1,0,0,0,0,0,0,0,0,0,0,0,0
14825,1,0,1,0,0,0,0,1,0,0,0,0,0,0,0,0,0
14833,1,0,0,0,1,0,0,1,0,0,0,0,0,0,0,0,0
14835,1,0,1,0,0,0,0,0,0,0,0,0,0,0,0,0,0
14837,1,1,1,1,0,0,0,0,0,0,0,0,0,0,0,0,0
14845,1,1,1,0,0,0,0,1,0,0,0,0,0,0,0,0,0
14847,1,1,1,0,0,0,0,0,0,0,0,0,0,0,0,0,0
14851,1,0,1,0,0,0,0,0,0,0,0,0,0,0,0,0,0
14861,1,1,1,0,0,0,0,0,0,0,0,0,0,0,0,0,0
14865,1,1,0,0,0,0,0,1,0,0,0,0,0,0,0,0,0
14867,1,0,0,0,0,0,0,0,0,0,0,0,0,0,0,0,0
14874,1,0,1,0,0,0,0,0,0,0,0,0,0,0,0,0,0
14887,1,0,1,0,0,0,0,0,0,0,0,0,0,0,0,0,0
14898,1,1,1,1,0,0,0,0,0,0,0,0,0,0,0,0,0
14904,1,1,1,0,0,0,0,0,0,0,0,0,0,0,0,0,0
14926,1,1,1,0,0,0,0,0,0,0,0,0,0,0,0,0,0
14929,1,1,1,1,1,0,0,0,0,0,0,0,0,0,0,0,0
14934,1,1,1,0,0,0,0,0,0,0,0,0,0,0,0,0,0
14935,1,1,1,1,1,0,0,1,1,0,0,0,0,0,1,0,0
14936,1,1,1,1,0,0,0,1,0,0,0,0,0,0,0,0,0
14953,1,0,0,0,0,0,0,0,0,0,0,0,0,0,0,0,0
14954,1,1,1,0,0,0,0,0,0,0,0,0,0,0,0,0,0
14955,1,1,1,0,0,0,0,0,0,0,0,0,0,0,1,0,1
14971,1,0,0,0,0,0,0,1,0,0,0,0,0,0,0,0,0
14980,1,1,1,0,0,0,0,0,0,0,0,0,0,0,0,0,0
14983,1,0,0,0,0,0,0,0,0,0,0,0,0,0,0,0,0
14992,1,1,0,0,0,0,0,0,0,0,0,0,0,0,0,0,0
14998,1,0,0,0,1,0,0,0,0,0,0,0,0,0,0,0,1
14999,1,0,0,0,0,0,0,0,0,0,0,0,0,0,0,0,0
15002,1,0,1,0,0,0,0,0,0,0,0,0,0,0,0,0,0
15018,1,0,1,1,1,1,1,1,1,1,0,0,0,1,0,0,0
15023,0,0,1,1,0,0,0,0,0,0,0,0,0,0,0,0,0
15071,1,1,1,0,0,0,0,0,0,0,1,0,0,0,1,0,1
15073,1,0,0,0,1,0,0,1,0,0,0,0,0,0,0,0,0
