CASE,sexdrive2,CSBD,PPCS_6,meffort,socialanx,lon,mvalue,attr
443,4,3,4,4,2,1,4,0
450,1,1,2,1,2,1,4,0
465,4,4,1,4,1,1,3,0
479,1,3,3,4,2,2,3,0
488,2,3,4,2,2,3,4,1
504,1,4,4,3,2,3,1,0
506,1,3,1,4,1,1,4,0
534,3,2,1,4,1,1,4,0
549,1,2,1,4,1,1,2,0
555,1,2,1,4,2,2,4,0
573,2,2,4,3,2,2,2,0
577,1,3,2,4,2,1,2,0
579,2,3,2,1,2,1,3,0
581,1,2,1,3,2,2,4,0
586,1,2,3,2,3,1,3,0
604,2,4,3,3,1,3,4,0
609,3,4,4,1,2,2,4,0
611,4,3,1,4,2,4,3,0
614,1,3,2,4,1,2,4,0
661,1,1,1,4,1,3,3,0
683,1,4,3,4,2,1,2,0
685,3,4,4,4,1,2,4,0
689,1,3,1,2,3,2,4,0
766,4,3,4,4,1,2,2,0
800,3,4,3,3,1,2,3,1
803,4,2,4,4,2,4,4,0
804,2,2,2,4,3,2,4,0
811,1,3,3,4,1,1,1,0
815,1,4,3,4,2,1,4,0
826,2,3,1,4,2,1,4,0
831,1,4,3,1,2,3,2,0
853,2,1,1,4,3,1,3,0
864,4,4,4,4,3,1,2,0
873,1,1,2,4,1,1,3,0
877,4,2,3,4,2,1,2,0
881,1,3,1,3,2,2,1,0
907,1,1,1,2,3,1,4,0
914,1,3,3,1,1,1,1,0
919,3,2,1,3,3,2,2,0
923,1,4,2,3,1,1,4,0
957,1,4,3,3,2,1,3,0
963,3,1,3,4,2,1,4,0
967,3,4,4,1,2,3,3,0
968,3,4,1,4,2,2,3,0
985,1,3,3,4,4,4,1,0
990,4,2,3,3,3,2,4,0
1012,4,3,2,3,4,4,2,0
1025,1,3,2,2,2,3,2,1
1035,1,2,3,2,2,2,4,0
1082,1,3,2,4,1,1,4,0
1084,2,2,1,3,2,1,3,0
1118,1,2,1,4,1,2,3,0
1133,3,3,3,4,3,3,2,0
1136,3,4,3,3,4,4,1,0
1141,4,3,3,2,2,2,2,0
1145,2,1,1,4,3,1,2,0
1159,2,1,1,1,3,3,1,0
1174,3,1,1,3,4,4,1,1
1177,4,3,4,4,1,4,1,0
1236,1,2,1,3,1,2,2,0
1239,3,2,2,4,2,2,1,0
1250,4,1,4,3,3,4,2,0
1264,4,4,4,1,2,3,1,0
1328,1,3,1,2,4,1,1,0
1345,1,3,3,3,2,2,4,0
1352,3,3,4,1,3,2,2,0
1354,1,3,3,4,1,3,3,0
1361,1,3,2,4,1,1,3,0
1412,1,2,2,4,1,1,2,0
1414,3,4,2,2,2,4,4,0
1475,1,3,4,4,3,4,1,0
1491,3,1,3,3,3,2,2,0
1546,1,1,1,1,1,2,4,0
1557,1,4,3,2,1,1,4,0
1595,4,3,4,2,4,4,1,0
1605,4,3,1,4,2,2,2,0
1633,1,1,2,3,2,3,3,0
1636,3,3,2,1,1,3,4,0
1644,3,1,2,1,1,2,2,0
1691,3,2,1,2,3,3,1,0
1768,1,2,2,2,1,1,4,0
1858,4,3,2,4,1,1,3,0
1865,4,4,4,4,1,2,3,1
1870,1,2,1,3,1,2,3,0
1879,3,1,3,1,4,3,1,0
1921,4,4,4,4,1,4,2,0
2066,3,1,1,1,4,4,1,0
2246,2,3,3,1,3,2,2,0
2256,3,1,2,3,3,1,1,0
2283,1,2,1,4,1,1,3,0
2289,1,3,2,4,1,2,3,0
2299,1,1,2,3,2,1,1,1
2355,3,3,3,4,2,3,1,0
2371,4,4,4,4,1,2,4,0
2415,4,1,2,2,1,3,3,0
2430,1,1,1,2,1,1,2,0
2440,4,4,4,3,3,2,1,0
2458,1,3,2,3,3,1,2,0
2471,1,1,1,3,1,1,4,0
2489,3,4,4,2,4,2,3,1
2494,1,1,3,3,2,3,1,1
2502,2,3,3,4,1,1,2,0
2505,4,3,4,4,1,2,4,0
2509,3,3,3,4,2,1,3,1
2520,4,4,3,1,4,1,2,0
2532,1,1,3,3,3,3,3,0
2537,3,3,3,4,2,1,2,0
2556,2,4,4,3,4,3,3,0
2574,3,2,1,4,1,1,4,0
2576,1,4,1,3,2,1,4,0
2588,2,1,1,2,1,1,3,0
2599,3,4,1,2,1,3,3,0
2656,1,1,1,3,1,1,4,0
2709,1,2,1,1,1,1,4,0
2716,4,4,1,3,2,4,1,0
2724,4,1,1,3,1,1,2,0
2732,1,2,3,4,1,1,4,0
2753,3,2,2,4,2,3,3,0
2770,2,1,1,4,1,3,4,0
2775,1,1,3,1,3,2,1,0
2796,1,4,1,4,3,1,4,0
2799,1,2,2,3,3,2,2,0
2823,1,1,1,3,1,1,4,0
2867,1,4,2,4,3,3,4,0
2897,1,2,2,4,2,1,1,0
2910,1,2,1,4,1,1,3,0
2941,3,4,2,4,4,3,4,0
2947,4,2,3,3,4,4,2,1
2984,3,4,4,3,4,4,3,1
2997,4,3,3,4,2,2,2,1
3069,4,1,4,4,3,1,1,1
3122,1,2,2,4,2,1,3,0
3128,1,4,4,4,1,1,4,0
3129,3,4,1,4,3,2,4,0
3170,2,3,2,1,1,1,4,0
3181,4,3,2,2,1,2,2,0
3186,1,3,4,4,1,1,4,0
3187,1,1,1,4,1,3,4,0
3200,1,1,3,4,3,3,2,0
3278,1,2,1,2,4,3,1,0
3279,1,1,1,1,3,1,1,0
3286,2,1,1,1,4,3,2,0
3291,4,1,1,3,3,2,1,0
3304,3,3,1,2,2,1,4,0
3314,1,4,3,3,2,1,2,0
3316,3,3,1,1,4,4,1,0
3318,1,2,4,3,1,2,3,0
3319,3,1,1,2,3,4,3,0
3322,4,4,4,1,3,4,2,0
3324,3,2,4,3,4,3,1,0
3329,1,4,3,2,4,3,1,0
3334,3,1,1,2,2,4,1,0
3337,4,1,3,3,4,1,2,0
3338,1,2,1,2,3,4,1,0
3347,2,1,2,2,3,1,1,0
3348,1,3,3,1,4,2,4,0
3349,1,4,3,2,4,3,2,1
3350,4,2,2,4,1,2,4,0
3356,1,4,3,1,2,2,3,0
3359,1,2,2,3,3,2,2,0
3363,4,3,4,2,3,2,1,0
3366,4,2,1,1,3,1,2,0
3367,1,2,2,4,4,3,4,0
3369,3,1,1,4,1,1,4,0
3373,4,2,3,3,1,3,4,0
3374,3,1,1,1,2,3,1,0
3377,4,4,4,4,3,3,2,0
3385,4,4,4,3,4,4,1,0
3391,1,4,4,1,2,3,4,0
3399,3,4,4,1,2,4,2,0
3402,1,1,2,3,4,2,1,0
3408,4,4,4,3,3,4,4,0
3413,1,1,2,3,3,2,3,0
3424,3,1,2,3,2,2,3,0
3427,1,3,2,1,3,4,1,0
3429,4,1,4,1,3,3,3,0
3437,2,1,1,4,2,1,3,0
3443,4,1,3,3,4,4,1,0
3451,3,1,4,2,3,3,1,0
3453,4,4,4,2,4,4,4,1
3460,1,4,2,2,3,4,1,0
3467,1,2,3,3,4,2,1,0
3470,1,1,2,1,4,1,1,0
3479,3,3,1,2,4,2,4,0
3485,4,1,3,3,4,4,1,0
3486,4,2,1,1,3,4,2,0
3488,3,1,1,3,3,3,2,0
3518,2,4,4,2,1,1,3,0
3519,3,4,4,3,4,3,2,0
3522,1,2,2,3,2,1,1,0
3537,3,1,3,1,3,4,1,0
3540,2,2,1,1,2,2,4,0
3541,1,4,4,1,4,4,1,0
3549,3,1,1,3,4,4,1,0
3550,4,3,4,4,3,2,4,0
3552,1,1,2,3,3,2,3,0
3553,4,4,3,2,4,4,1,0
3558,2,3,2,4,4,4,1,0
3564,1,4,3,4,3,2,3,0
3568,3,4,4,1,3,2,2,0
3572,4,3,3,3,2,2,2,0
3575,2,4,3,2,4,4,3,0
3589,4,2,4,3,4,4,1,0
3593,3,1,1,1,2,1,2,0
3596,4,3,3,2,3,1,2,0
3597,1,2,1,1,1,2,2,0
3602,1,1,1,3,2,1,1,0
3604,1,2,2,2,4,1,2,0
3616,4,1,2,1,4,2,2,0
3620,3,4,4,4,2,4,2,0
3621,1,1,2,1,3,2,2,0
3623,1,4,4,3,4,4,1,0
3625,1,2,2,3,4,1,1,0
3635,2,4,4,3,2,2,1,0
3641,4,2,3,2,4,2,3,0
3643,2,2,4,1,4,4,2,0
3649,3,4,4,1,3,4,4,0
3656,1,1,1,1,3,1,3,0
3658,2,2,1,4,1,3,4,0
3659,4,3,1,1,4,4,1,0
3664,1,3,2,2,1,1,1,0
3665,1,2,3,3,1,2,3,0
3674,2,4,1,2,4,1,1,0
3685,1,2,2,2,1,2,3,0
3687,1,1,1,3,1,1,2,0
3696,3,1,3,4,1,1,4,0
3706,1,2,1,2,2,3,1,0
3707,4,4,4,2,4,3,3,0
3715,1,2,3,3,1,2,1,0
3716,2,3,3,2,3,4,1,0
3722,3,4,4,4,4,2,2,0
3732,4,4,4,1,4,2,1,0
3740,4,4,4,3,4,1,1,0
3744,3,1,1,3,4,2,2,0
3749,1,4,3,1,3,2,2,0
3763,1,2,1,2,4,4,1,0
3764,1,2,2,4,2,3,1,0
3781,1,1,1,1,3,1,2,0
3791,1,4,2,3,1,3,3,0
3808,1,4,3,1,3,1,3,0
3816,3,2,1,3,3,1,3,0
3832,4,2,4,2,3,4,4,0
3833,1,1,2,1,1,2,1,0
3839,3,1,3,2,2,4,3,0
3845,2,1,1,1,4,3,2,0
3847,1,1,2,2,2,2,2,0
3855,2,1,1,1,1,1,3,0
3859,4,3,4,1,3,3,1,0
3864,4,4,3,3,2,1,2,0
3866,1,4,4,3,2,3,4,0
3871,3,1,1,4,1,2,1,0
3878,4,4,4,1,2,3,4,0
3894,2,4,3,1,4,4,1,0
3899,3,4,1,2,1,2,2,0
3900,3,1,4,3,2,2,2,0
3902,3,1,2,1,2,4,4,0
3913,3,2,1,2,1,1,4,0
3917,1,4,3,3,3,3,1,0
3921,2,1,2,2,3,4,1,0
3932,2,1,4,1,4,1,3,0
3933,2,2,4,3,4,4,3,0
3937,1,1,1,2,4,3,2,0
3939,1,1,2,3,1,1,3,0
3940,3,3,2,2,2,1,3,0
3942,1,1,3,1,4,4,4,0
3944,3,2,1,1,3,4,4,0
3949,3,1,1,1,2,3,2,0
3959,1,1,1,2,3,3,2,0
3960,3,4,4,3,3,4,4,0
3966,1,1,1,1,2,4,1,0
3976,1,4,1,1,1,4,1,0
3981,1,1,1,3,1,2,4,0
3982,3,1,4,1,4,4,1,1
3984,2,1,1,4,1,3,4,0
3985,1,1,3,2,4,4,2,0
3986,4,4,4,3,4,4,1,0
3988,1,3,2,1,4,4,2,0
3989,4,1,2,1,2,4,4,0
3994,3,2,1,4,1,1,3,0
4002,4,4,2,3,1,2,4,0
4032,1,1,3,1,3,3,1,0
4051,2,4,4,1,2,2,4,0
4058,3,1,2,1,4,2,4,0
4080,4,4,2,3,3,4,1,0
4085,1,4,4,1,3,3,2,1
4095,1,1,1,1,2,2,1,0
4097,1,1,1,1,2,2,4,0
4099,3,1,1,1,2,2,1,0
4115,3,1,1,2,3,2,1,0
4119,4,4,4,3,3,2,1,0
4124,1,1,2,3,1,1,3,0
4128,2,4,4,4,1,3,2,0
4135,3,1,1,2,3,3,1,0
4145,4,2,4,3,4,3,1,0
4153,4,2,2,3,2,2,1,0
4157,4,4,3,4,3,4,1,0
4159,1,1,3,4,2,2,2,0
4163,4,4,4,1,3,4,1,0
4183,4,1,1,3,2,1,2,0
4185,2,4,3,4,3,3,3,0
4189,3,3,1,2,4,2,4,0
4194,4,3,2,1,2,2,2,0
4201,3,3,4,2,3,4,1,0
4205,1,3,2,3,1,3,2,1
4208,1,1,2,2,3,2,2,0
4211,2,2,1,1,4,3,1,0
4212,4,4,4,4,1,1,4,0
4221,4,4,4,1,4,4,3,0
4224,1,1,2,1,4,3,2,0
4229,1,4,3,1,2,3,4,0
4230,3,4,3,1,2,3,4,0
4231,1,2,3,1,4,4,1,0
4240,1,3,1,2,1,1,2,0
4242,3,1,1,3,2,1,2,0
4245,4,1,1,1,3,3,1,0
4247,4,3,1,2,2,4,3,0
4257,1,1,2,3,2,1,2,0
4277,1,1,1,3,3,1,4,0
4289,4,1,3,4,3,4,4,0
4295,3,1,1,1,2,3,2,0
4298,4,2,3,1,2,1,1,0
4310,1,1,1,1,3,2,2,0
4322,4,1,2,3,4,4,2,0
4324,1,3,3,4,1,2,1,0
4327,2,2,2,1,3,2,1,0
4345,3,4,3,4,1,1,4,0
4346,1,1,1,2,1,1,2,0
4356,2,1,2,1,3,1,2,0
4366,1,4,3,4,3,3,4,0
4367,1,2,2,2,1,2,3,0
4368,1,1,1,3,2,1,2,0
4369,3,4,4,2,4,4,1,0
4377,4,2,1,2,2,1,4,0
4378,1,1,1,2,4,4,1,0
4390,2,4,4,4,2,4,4,0
4393,1,1,2,1,1,4,4,0
4399,4,2,2,2,3,3,2,0
4417,1,2,1,1,2,2,1,0
4423,1,1,2,4,2,1,3,0
4425,3,4,4,2,2,3,1,0
4435,1,1,3,1,2,2,2,0
4441,3,3,3,2,4,2,3,0
4442,2,3,1,3,2,1,1,0
4443,3,1,2,1,4,3,2,0
4453,1,2,2,3,1,2,1,0
4455,1,4,3,2,3,3,4,0
4456,1,1,1,3,3,4,1,0
4458,4,3,4,3,3,4,2,0
4466,3,1,2,2,4,1,1,0
4473,4,1,1,3,2,1,4,0
4481,3,2,2,3,2,2,2,0
4495,4,3,3,3,4,3,3,0
4496,1,1,1,4,2,2,4,0
4501,3,2,4,1,3,2,2,0
4511,3,1,1,1,2,2,2,0
4515,4,2,2,2,4,2,3,0
4537,2,2,3,1,2,2,4,0
4538,4,1,3,4,3,3,4,0
4539,3,2,3,2,1,2,2,0
4540,1,4,4,2,3,3,4,0
4547,1,2,2,1,2,4,1,0
4548,3,1,2,2,2,1,2,0
4556,4,2,2,1,2,2,3,0
4573,4,4,4,2,2,2,2,1
4576,1,2,2,1,2,1,1,0
4584,1,3,1,2,2,1,3,0
4586,1,4,1,3,3,4,1,0
4594,2,1,1,2,4,3,2,0
4608,4,1,3,2,2,1,2,0
4615,4,1,3,1,3,3,2,0
4617,1,1,3,1,1,2,4,0
4620,3,2,1,3,2,1,2,0
4621,4,1,1,1,2,1,3,0
4631,3,2,3,1,4,4,1,0
4635,3,4,1,3,1,2,4,0
4645,1,1,2,2,3,3,2,1
4648,2,1,3,3,2,2,3,0
4649,1,3,2,1,2,2,2,0
4650,4,4,4,4,1,1,4,0
4658,3,2,1,1,2,2,4,0
4678,2,1,3,2,4,4,1,0
4682,4,3,4,2,3,2,1,0
4687,1,3,2,1,3,4,1,0
4691,1,1,1,1,3,4,1,0
4697,1,1,1,2,3,3,3,0
4704,3,3,2,4,4,2,3,0
4705,3,2,1,1,4,3,1,0
4720,3,4,2,1,1,1,4,0
4733,1,3,1,2,4,4,3,0
4736,1,3,2,1,1,3,3,0
4761,1,2,3,2,1,1,4,0
4764,1,2,3,2,3,1,2,0
4766,3,1,2,3,4,2,3,0
4772,1,1,4,4,3,3,1,0
4775,1,1,2,1,2,2,1,0
4779,3,4,3,4,3,4,4,0
4789,3,1,2,1,2,1,2,0
4801,1,1,1,2,2,2,3,0
4803,4,4,4,4,1,1,3,0
4816,3,3,2,2,2,1,3,0
4839,4,4,4,2,2,2,1,0
4851,3,4,4,2,3,3,2,0
4856,2,3,3,3,3,3,2,0
4858,1,2,1,1,4,1,3,1
4862,1,3,2,4,3,3,3,0
4864,1,3,4,2,4,1,1,0
4891,1,1,3,2,2,3,1,0
4892,1,3,1,1,1,4,4,0
4897,1,2,2,1,2,2,2,0
4898,1,1,4,2,4,3,2,0
4913,1,2,2,2,4,3,3,0
4946,1,2,3,1,2,2,2,0
4957,1,3,1,4,1,3,3,0
4959,1,3,3,3,4,4,1,0
4962,3,1,1,3,3,4,2,0
4968,2,3,4,2,3,2,1,0
4969,3,2,2,2,3,1,2,0
4973,1,1,1,2,3,2,2,0
4976,2,4,3,3,2,1,1,0
4984,2,2,1,4,1,4,2,0
4991,4,2,1,2,1,1,4,0
4995,3,3,4,4,1,2,2,0
5000,1,2,2,3,2,4,2,0
5007,1,2,1,2,3,1,4,0
5025,2,3,3,2,2,1,2,0
5030,4,3,4,2,4,2,2,0
5041,4,1,1,2,1,2,4,0
5051,1,2,1,1,1,1,3,0
5067,3,2,3,2,2,3,1,0
5069,2,4,4,3,2,4,3,0
5075,1,1,1,3,2,1,3,0
5080,2,1,2,2,3,3,4,0
5091,2,1,2,1,4,1,1,0
5114,1,2,2,2,1,3,3,0
5115,3,3,1,3,3,4,1,0
5117,3,3,4,3,2,4,4,0
5118,4,2,3,3,2,1,2,0
5126,3,1,1,2,2,1,4,0
5131,1,1,1,3,1,2,2,0
5133,1,2,2,1,4,4,4,0
5135,1,1,1,2,3,3,1,0
5137,2,2,2,2,3,4,2,0
5138,1,1,1,3,1,2,4,0
5143,4,1,3,1,1,3,4,0
5147,4,1,1,4,1,1,4,0
5148,4,3,2,3,1,3,1,0
5161,2,3,2,4,1,3,4,0
5165,3,2,2,1,1,2,4,0
5169,2,2,3,2,4,4,1,0
5177,3,1,2,2,2,4,3,0
5200,4,3,3,3,4,3,1,0
5201,1,1,1,1,3,1,2,1
5208,4,3,3,1,4,4,3,0
5209,1,4,1,1,4,4,1,0
5217,1,1,3,2,2,1,2,0
5226,3,3,1,4,2,3,3,0
5233,1,1,1,1,2,3,1,0
5236,3,3,3,3,1,3,2,0
5239,2,1,1,1,2,3,2,0
5240,4,2,4,2,1,3,4,0
5242,4,4,3,1,1,4,1,0
5258,4,2,2,2,4,3,2,0
5260,1,4,4,3,2,2,4,0
5262,4,2,3,3,3,4,3,0
5267,1,4,4,2,3,4,2,0
5289,3,3,3,3,4,4,2,0
5302,1,2,2,3,4,4,1,0
5305,4,4,4,1,3,4,3,0
5308,4,4,4,1,1,3,2,1
5312,3,3,4,3,1,4,4,0
5314,1,1,1,1,1,1,4,0
5323,1,1,2,1,4,4,1,0
5324,1,3,2,1,2,1,3,0
5340,3,3,4,2,3,3,1,0
5344,1,2,4,3,4,4,1,0
5349,4,2,3,2,2,2,3,0
5369,1,2,2,2,1,2,4,0
5396,3,3,3,1,4,3,1,0
5405,1,1,3,4,2,2,3,0
5419,4,1,4,1,3,4,1,0
5420,2,4,4,1,1,3,4,0
5427,2,4,2,2,1,2,2,0
5435,1,3,1,4,1,1,3,0
5452,3,2,3,1,4,2,4,0
5455,1,2,2,2,4,2,1,0
5459,1,1,1,2,1,4,1,0
5461,4,2,4,2,4,2,3,0
5498,3,3,2,3,3,4,3,0
5504,4,3,4,2,4,4,1,0
5522,1,4,3,3,3,4,4,0
5533,2,1,2,1,3,4,1,0
5543,4,2,2,2,2,3,2,0
5546,3,4,4,2,3,2,2,0
5556,1,3,1,2,2,4,2,0
5563,2,2,2,1,3,4,1,1
5564,3,4,4,4,4,3,3,0
5614,1,4,1,4,1,3,4,0
5622,4,2,4,4,1,3,1,0
5625,4,2,3,4,1,3,3,0
5644,1,3,2,3,2,3,1,0
5648,4,1,1,1,1,2,2,1
5672,2,4,4,1,3,3,2,0
5675,3,3,3,4,2,1,4,0
5680,1,1,1,4,1,4,4,0
5681,1,3,3,4,2,4,3,0
5683,3,1,3,2,1,2,2,0
5695,4,2,3,2,3,1,4,0
5701,1,1,1,1,4,4,1,0
5702,2,3,3,2,4,4,3,0
5705,4,1,1,2,2,3,2,0
5707,4,4,2,3,1,2,4,0
5708,4,4,3,1,2,4,1,0
5712,2,2,2,2,2,1,2,0
5714,1,1,2,1,3,4,1,0
5716,3,1,2,1,1,2,3,0
5721,1,1,1,1,1,1,2,0
5730,4,4,4,2,4,4,2,0
5731,1,4,2,2,4,3,1,0
5735,4,1,2,3,1,1,3,0
5736,4,4,4,3,3,3,2,1
5742,3,3,3,1,3,4,1,0
5745,4,4,4,1,4,4,4,0
5750,4,3,4,3,3,2,4,0
5759,3,2,1,2,2,4,2,0
5760,3,1,2,2,3,4,4,0
5767,2,3,2,4,1,4,4,0
5775,4,4,2,2,3,4,1,0
5780,4,2,4,2,3,2,1,0
5800,2,1,1,1,3,2,2,0
5803,1,3,2,2,1,2,4,0
5804,1,3,2,2,3,3,4,0
5810,1,3,3,3,4,2,1,0
5811,3,4,3,3,2,4,2,0
5812,1,1,2,4,1,1,3,0
5814,4,1,1,3,2,2,2,0
5815,1,1,1,1,3,2,2,0
5830,3,4,4,1,1,4,1,0
5836,1,3,2,1,4,2,2,0
5856,4,3,4,2,4,4,1,0
5860,3,1,2,1,2,1,2,0
5863,1,1,1,1,2,3,2,0
5864,4,4,3,4,1,3,3,0
5865,1,2,3,1,1,1,2,0
5867,1,2,1,2,3,1,1,0
5868,1,2,1,1,3,2,1,0
5884,2,3,3,2,3,2,1,0
5886,2,3,2,1,3,2,1,0
5893,4,4,4,1,4,4,1,0
5897,4,4,3,2,4,3,1,0
5902,3,2,3,3,3,3,1,1
5911,3,2,4,1,3,3,1,0
5913,3,1,1,1,3,3,4,0
5917,1,1,2,1,4,4,1,0
5920,1,2,1,3,1,4,4,0
5924,3,4,4,3,4,2,1,0
5931,3,4,2,2,4,4,4,0
5934,3,4,4,3,4,4,2,0
5935,2,3,2,1,3,1,3,0
5939,2,3,3,4,1,3,3,0
5943,1,1,2,1,3,1,1,0
5956,4,2,3,2,2,2,3,0
5960,3,2,2,3,3,3,3,0
5962,1,2,1,3,4,3,2,0
5965,1,1,4,2,3,4,2,0
5970,2,1,1,1,2,1,1,0
5977,3,3,3,3,4,2,4,0
5982,4,2,4,1,4,4,2,0
6001,1,1,1,1,1,1,4,0
6004,3,3,3,2,3,3,2,0
6009,2,4,4,2,4,4,1,0
6011,3,2,4,1,3,4,4,0
6013,1,1,3,3,4,3,1,0
6017,3,2,4,4,3,2,3,0
6025,1,2,3,2,3,3,2,0
6035,3,1,2,2,4,1,2,0
6037,3,3,1,3,4,1,1,0
6039,2,3,4,1,2,3,3,0
6051,3,2,4,1,4,3,1,0
6060,3,3,3,1,3,1,2,0
6064,3,2,4,1,4,4,1,0
6068,1,3,2,1,2,4,2,0
6078,1,2,3,1,3,2,2,0
6082,1,1,1,1,4,1,1,0
6107,2,3,1,1,1,3,1,0
6112,3,4,2,2,3,1,4,0
6114,2,4,3,3,2,1,3,0
6115,3,4,4,3,4,4,1,0
6116,4,1,3,2,2,4,3,0
6119,3,1,3,1,3,4,2,0
6122,4,3,4,3,3,4,3,0
6124,1,1,3,3,3,3,4,0
6132,3,2,3,1,4,1,3,0
6135,1,4,2,1,2,1,2,0
6137,1,2,1,2,2,2,2,0
6140,4,3,4,1,4,4,1,0
6142,3,2,2,3,3,1,2,0
6149,3,3,2,2,1,2,2,0
6166,4,1,2,4,3,1,3,1
6169,1,4,3,4,1,2,2,0
6174,2,2,4,3,4,4,3,0
6181,4,2,4,2,2,1,1,0
6183,2,2,3,1,4,4,3,0
6186,3,4,4,1,1,2,2,0
6187,1,2,2,1,2,3,1,0
6194,4,3,2,3,3,1,4,0
6204,1,4,4,3,3,2,1,0
6208,3,1,2,2,2,1,2,0
6214,1,4,4,2,3,4,1,0
6218,1,3,1,3,2,3,4,0
6223,1,4,3,1,2,2,4,1
6231,2,4,4,3,3,4,2,0
6238,1,1,1,4,1,1,2,0
6250,1,1,1,4,2,4,1,0
6255,2,1,1,3,4,3,1,0
6262,4,2,2,1,4,4,1,0
6271,3,2,1,2,2,1,2,0
6272,4,4,4,2,2,2,4,0
6278,3,2,1,1,1,3,2,0
6279,1,3,3,1,4,1,1,0
6284,3,3,4,4,3,3,1,0
6288,3,1,1,2,4,3,1,0
6289,4,1,1,2,4,4,2,0
6292,1,4,2,3,4,3,3,0
6299,4,4,4,3,2,4,4,0
6300,4,4,4,3,2,3,4,0
6303,2,2,3,3,2,3,1,0
6307,3,3,4,3,4,4,1,0
6310,3,1,2,2,1,4,3,0
6316,4,3,1,4,1,3,4,0
6318,1,2,2,3,4,4,1,0
6327,1,2,2,1,4,3,1,0
6329,4,4,4,1,3,3,2,1
6332,1,4,3,2,3,3,3,0
6333,2,1,1,1,3,2,2,0
6334,4,2,3,1,2,4,1,0
6342,1,3,2,3,1,2,3,0
6349,2,3,2,1,1,1,4,0
6352,1,3,3,3,3,2,3,0
6369,2,4,3,2,3,1,1,1
6370,2,2,3,4,3,1,2,0
6373,1,3,4,4,4,3,4,0
6389,3,3,1,4,2,1,4,0
6391,3,4,4,2,2,3,4,1
6396,1,2,2,2,4,4,1,0
6399,3,2,1,2,3,2,3,0
6400,3,4,1,3,3,3,2,0
6411,1,2,2,1,3,4,1,0
6413,2,1,1,1,3,3,3,0
6417,2,1,1,4,1,2,4,0
6418,3,3,4,1,1,3,1,0
6422,4,4,4,4,2,1,3,0
6425,1,1,1,1,4,3,1,0
6439,1,3,4,2,4,4,4,0
6445,4,2,1,3,2,4,4,0
6462,1,3,3,1,4,1,3,0
6466,1,4,1,2,4,1,3,0
6481,1,3,2,3,3,1,2,0
6490,1,1,1,1,3,2,2,0
6511,1,4,3,4,2,2,2,0
6518,4,4,3,1,2,4,1,1
6523,3,3,2,1,3,2,2,0
6533,1,2,3,1,2,1,1,0
6535,2,1,3,1,3,3,1,0
6536,3,2,4,3,4,2,3,0
6542,4,1,1,1,3,2,4,0
6550,3,1,1,1,3,4,2,0
6556,3,3,4,1,4,4,1,0
6559,3,4,4,1,3,3,4,0
6570,4,4,3,2,4,2,2,0
6598,3,3,2,3,1,1,4,0
6607,3,1,3,1,1,1,2,0
6609,1,3,1,1,1,2,2,0
6620,3,1,1,1,1,2,2,0
6621,3,4,4,4,4,3,2,0
6622,3,3,2,4,1,1,3,0
6640,4,4,3,3,3,2,1,0
6641,4,3,4,1,3,4,1,0
6652,4,3,3,4,3,4,4,0
6665,1,4,2,4,2,2,4,0
6681,3,2,2,2,4,4,2,0
6683,3,4,4,4,1,1,4,0
6693,1,4,1,4,1,2,4,0
6697,4,1,2,1,2,2,1,0
6703,1,4,1,1,3,3,2,0
6715,4,1,1,2,2,3,1,1
6718,4,3,4,3,3,4,1,0
6719,3,3,3,4,1,3,2,0
6720,2,2,2,4,2,3,1,0
6727,1,1,2,1,3,2,1,0
6728,4,1,1,1,2,2,3,0
6734,1,1,2,3,2,4,3,0
6735,3,2,3,1,3,3,2,0
6749,4,4,3,1,4,4,1,0
6764,1,2,4,1,2,2,1,0
6765,1,2,3,1,3,4,1,0
6775,3,4,4,3,4,3,3,0
6780,1,4,4,2,3,2,1,1
6789,1,3,2,2,3,4,1,0
6791,1,1,1,1,1,1,4,0
6800,2,2,1,1,2,2,4,0
6824,1,4,4,1,3,3,1,0
6832,1,4,4,1,4,4,2,0
6838,1,1,1,2,1,2,4,0
6840,4,2,1,2,1,2,1,0
6853,4,1,1,1,4,4,4,0
6855,3,4,3,1,3,3,1,0
6857,1,1,3,1,3,3,1,0
6864,1,1,2,3,1,1,4,0
6866,1,2,3,3,4,2,3,0
6871,2,1,2,1,3,4,4,0
6879,3,2,2,4,3,3,2,0
6880,1,3,2,3,3,3,1,0
6881,1,1,2,3,3,2,4,0
6883,4,2,1,1,2,3,1,0
6886,1,4,3,2,4,4,2,0
6897,3,2,2,3,3,1,2,0
6899,1,1,3,2,3,2,2,0
6905,3,1,3,3,4,4,1,0
6915,4,2,2,2,4,4,3,0
6917,1,4,1,3,2,3,3,0
6930,3,3,2,3,3,1,4,0
6932,3,4,2,4,4,4,4,0
6939,4,2,3,2,4,4,1,0
6941,1,1,4,1,3,2,1,0
6948,1,1,2,3,2,4,1,0
6953,1,2,2,1,3,4,1,0
6955,3,3,4,2,3,4,3,0
6962,2,4,3,2,4,3,2,0
6965,2,3,2,2,1,1,3,0
6968,1,4,3,3,4,3,2,0
6969,2,3,1,3,2,2,4,0
6977,1,3,3,1,3,1,3,0
6980,4,3,4,1,2,3,2,0
6983,2,2,1,1,3,3,1,0
6989,2,1,2,3,2,1,2,0
6992,3,2,2,3,3,3,4,0
6996,1,2,1,1,2,1,1,0
7000,3,1,1,4,3,1,1,0
7001,3,1,2,1,4,4,1,0
7007,1,4,4,1,4,4,3,0
7008,4,4,4,4,4,4,2,0
7016,3,1,1,3,4,2,2,1
7018,4,2,3,3,3,3,2,0
7019,1,1,1,1,4,4,3,0
7021,1,1,2,1,4,4,1,0
7035,1,2,2,4,1,2,2,0
7037,4,4,4,3,4,3,1,0
7040,3,1,1,2,1,3,3,0
7041,1,3,3,1,2,3,2,0
7043,4,4,4,1,4,2,1,0
7046,1,4,4,2,2,3,2,0
7051,4,2,2,1,2,1,3,0
7053,3,1,4,2,4,4,1,0
7060,3,2,1,1,2,3,4,0
7061,1,4,3,3,4,3,1,0
7063,1,1,2,2,1,2,2,0
7064,1,1,2,1,4,4,1,0
7065,4,2,2,1,4,4,1,0
7066,4,2,1,1,4,4,2,0
7067,1,1,1,1,4,2,1,0
7069,1,3,2,3,2,2,3,0
7070,3,1,3,4,2,3,4,0
7075,4,1,3,1,2,2,1,0
7089,4,4,4,2,2,3,2,0
7097,3,3,2,2,4,4,2,1
7099,3,4,3,2,3,1,4,0
7103,4,4,3,3,4,4,1,0
7108,2,2,3,3,2,2,2,0
7109,4,4,3,3,3,3,2,0
7114,3,4,4,1,3,2,2,1
7115,1,1,2,1,4,4,1,0
7118,1,1,1,1,1,1,2,0
7124,4,1,3,3,4,1,1,0
7133,1,3,2,3,2,3,2,0
7134,3,4,4,1,4,4,1,0
7138,4,3,3,1,4,4,2,0
7147,1,1,1,1,2,1,2,0
7148,4,3,3,2,3,3,1,0
7153,3,2,4,3,1,3,1,0
7158,2,1,1,3,2,1,4,0
7161,2,1,1,3,1,1,2,0
7165,1,1,1,2,1,3,4,0
7169,3,3,4,2,2,2,4,0
7170,1,4,1,3,1,1,4,0
7171,3,3,4,2,2,3,2,0
7173,1,2,4,1,4,4,1,0
7181,1,3,2,1,2,1,3,0
7184,3,1,2,3,4,4,1,0
7187,1,2,1,3,2,2,4,0
7197,1,4,1,1,4,3,1,0
7198,1,1,2,2,4,2,1,0
7203,3,2,3,3,1,1,3,0
7205,4,4,4,4,4,3,1,0
7212,4,1,2,1,4,3,1,0
7213,1,1,1,1,4,4,1,0
7216,4,1,1,3,2,2,2,0
7221,2,4,2,2,4,3,1,0
7235,4,4,1,3,3,4,3,0
7236,4,4,4,4,1,3,4,0
7237,1,4,3,1,3,4,2,0
7242,3,2,1,1,2,2,3,0
7243,4,3,4,4,1,1,4,0
7247,3,1,1,4,1,1,3,0
7262,3,1,1,2,2,2,2,0
7270,1,3,2,2,4,2,1,0
7284,3,1,2,1,2,2,1,0
7285,3,4,4,3,1,3,4,0
7290,3,1,4,3,3,3,4,1
7297,3,4,4,2,4,3,2,0
7299,2,3,3,3,3,4,2,0
7303,3,3,2,1,4,4,1,0
7321,3,4,2,1,2,1,1,0
7327,4,4,4,2,2,4,4,0
7330,1,1,1,2,4,4,1,0
7333,4,4,1,2,3,4,1,0
7334,4,4,4,2,4,1,1,0
7340,3,3,3,1,4,3,3,0
7344,1,3,4,1,2,2,4,0
7346,3,3,4,1,1,1,4,0
7347,3,4,4,1,4,4,1,0
7349,1,2,1,1,2,2,2,0
7353,2,1,1,1,1,3,1,0
7356,1,4,4,3,2,2,3,0
7357,3,1,2,1,4,4,2,0
7358,2,3,1,1,2,3,3,0
7365,3,1,2,1,4,3,1,0
7379,1,3,4,2,4,2,1,0
7388,4,1,1,3,4,4,1,0
7390,1,3,1,3,1,1,4,0
7405,1,3,4,1,2,1,3,0
7420,2,2,3,3,3,2,2,0
7421,4,4,3,2,4,4,4,0
7426,4,3,1,1,4,2,1,0
7432,3,3,4,3,3,3,1,0
7470,4,1,1,1,4,4,1,0
7479,1,3,1,1,4,3,2,0
7481,1,1,1,1,4,4,1,0
7483,1,4,3,2,4,4,4,0
7487,3,3,3,1,2,1,1,0
7490,3,3,4,4,2,4,2,0
7493,4,3,3,2,3,2,3,0
7496,3,3,3,3,1,2,3,0
7498,4,1,4,2,4,2,4,0
7501,4,2,1,3,4,1,3,0
7504,1,1,2,3,1,2,4,0
7506,1,3,3,1,1,2,2,0
7511,2,4,2,2,1,2,4,0
7524,3,1,4,1,4,3,1,0
7528,4,3,2,4,1,1,4,0
7538,1,1,1,2,1,2,2,0
7546,3,1,1,3,3,3,3,0
7570,4,4,3,3,3,3,2,0
7571,1,1,1,3,4,4,1,0
7573,1,3,2,2,4,3,4,0
7576,1,2,3,1,3,1,1,0
7578,1,4,3,1,4,4,1,0
7586,1,4,4,3,2,3,3,0
7603,3,4,3,4,3,3,4,0
7608,1,1,1,1,3,2,2,0
7624,1,2,2,2,2,1,4,0
7634,4,2,2,3,1,2,2,1
7647,4,4,4,2,4,2,1,1
7649,1,3,3,2,4,1,3,0
7650,3,1,1,1,4,4,3,0
7654,4,2,2,3,3,3,2,1
7655,4,3,1,1,2,2,4,0
7662,3,3,3,1,4,4,4,0
7664,3,4,1,4,3,4,4,0
7666,4,3,3,3,4,4,1,0
7667,3,3,3,4,3,4,4,0
7673,3,2,1,3,2,3,4,0
7676,2,2,3,1,4,3,1,0
7679,4,3,3,4,3,2,4,0
7682,4,2,3,1,2,1,1,0
7691,2,2,2,1,2,4,2,0
7696,3,1,3,1,3,2,1,0
7704,4,4,4,3,2,4,1,0
7712,4,2,3,2,3,4,2,0
7720,4,2,1,4,3,3,3,0
7724,4,1,2,4,1,2,2,0
7727,1,3,3,1,4,4,1,0
7731,4,1,4,1,4,3,1,0
7734,2,2,3,3,2,3,1,0
7739,1,2,3,1,4,4,1,0
7746,3,2,4,2,4,2,2,0
7749,1,1,1,2,1,1,3,0
7755,3,4,2,1,4,4,1,0
7758,4,1,2,3,3,4,1,0
7770,3,2,1,2,3,1,2,0
7773,1,1,2,4,1,1,3,0
7784,1,3,3,3,4,4,1,0
7792,3,2,2,1,2,3,4,0
7804,4,4,4,3,3,4,3,0
7808,2,1,1,1,3,1,1,0
7822,3,3,4,2,1,3,4,0
7827,3,2,1,1,4,4,3,0
7828,1,2,3,1,4,4,1,0
7832,1,1,1,2,2,2,2,0
7836,4,3,3,2,3,3,2,0
7839,1,1,3,3,4,1,1,0
7840,3,1,3,3,4,2,1,0
7843,4,3,3,2,4,3,2,0
7850,4,1,1,4,1,1,2,0
7855,1,3,2,4,1,1,1,0
7868,4,2,2,3,1,2,4,0
7870,4,1,2,3,3,2,2,0
7877,4,2,4,3,3,2,3,0
7900,1,4,4,3,4,3,4,0
7909,1,1,1,2,4,1,1,0
7910,2,2,3,3,3,4,3,0
7914,4,3,3,2,3,3,1,0
7915,1,1,1,2,4,3,1,0
7921,1,3,4,3,2,3,2,0
7923,3,4,4,4,2,4,3,0
7926,4,2,4,3,3,4,1,0
7929,1,2,3,1,4,3,3,0
7937,1,3,2,1,2,1,4,0
7939,3,1,3,1,4,4,1,0
7941,1,4,1,1,4,2,1,0
7948,1,4,4,2,3,4,4,0
7951,3,3,3,4,2,1,4,0
7952,3,4,3,2,4,4,2,1
7955,1,2,1,1,2,4,1,0
7958,3,3,3,4,1,1,4,0
7959,3,1,3,2,2,2,1,0
7969,1,2,4,1,4,4,1,0
7982,1,2,1,1,3,2,3,0
7985,4,1,2,1,4,1,1,0
7997,1,4,3,2,3,4,2,0
7998,1,2,2,3,3,1,2,0
8001,4,1,1,3,1,3,2,0
8002,4,1,4,1,4,3,2,0
8005,2,1,3,4,1,2,4,0
8019,4,2,4,4,1,1,4,0
8020,3,1,1,1,3,2,1,0
8024,3,3,2,3,4,1,2,0
8025,4,4,3,1,4,3,3,0
8027,1,2,3,3,3,4,1,0
8032,1,2,1,1,3,1,1,0
8041,3,3,3,2,3,1,2,0
8051,1,1,2,3,1,2,1,0
8053,1,1,2,1,3,2,1,0
8062,2,3,1,1,2,2,1,0
8090,3,1,3,2,4,2,1,0
8091,4,1,1,1,1,1,3,0
8105,4,4,3,3,2,3,3,1
8131,1,1,2,1,2,1,3,0
8142,2,2,3,1,3,4,1,0
8153,4,2,2,4,4,2,4,0
8184,2,4,4,4,3,2,3,0
8202,2,1,1,2,4,4,2,0
8218,3,3,3,3,1,1,4,0
8234,1,2,2,2,1,3,4,0
8245,2,4,4,1,3,4,2,0
8251,3,4,2,3,4,2,2,0
8267,2,1,3,4,4,4,1,1
8324,4,2,2,4,3,1,4,0
8355,3,3,2,4,3,4,1,0
8373,1,3,3,4,1,1,4,0
8375,1,1,1,2,3,1,2,0
8384,1,3,1,3,4,2,2,0
8412,3,1,2,1,4,4,1,0
8458,3,4,2,1,4,4,1,0
8482,3,2,1,3,1,2,2,1
8506,4,4,4,4,2,3,1,0
8546,3,1,1,2,2,2,4,0
8574,1,3,1,2,2,3,2,0
8590,1,4,4,3,2,3,2,0
8633,3,1,1,4,1,2,2,0
8650,2,2,3,3,2,2,4,0
8663,2,2,1,4,1,1,4,0
8674,1,1,1,2,2,2,1,0
8685,1,2,1,4,1,2,3,0
8686,2,1,1,4,1,2,4,0
8842,4,4,4,3,2,4,3,0
8910,4,4,1,4,2,1,4,0
9017,4,4,3,4,1,1,4,0
9018,2,1,1,1,4,4,1,0
9027,1,3,4,4,1,1,2,0
9030,1,1,2,3,2,1,4,0
9056,3,4,3,4,3,4,1,0
9082,2,2,3,4,3,2,3,0
9094,2,2,1,2,3,2,1,0
9106,3,3,2,4,3,1,1,0
9129,1,4,4,4,3,3,3,0
9151,1,4,3,4,1,1,4,0
9217,1,3,1,4,3,3,1,0
9268,2,3,3,4,1,1,3,0
9271,3,1,2,3,1,1,4,0
9291,4,3,3,4,1,3,2,0
9313,2,4,1,1,4,4,1,0
9327,2,4,4,3,4,4,3,0
9344,1,1,1,3,3,3,1,0
9358,4,1,1,4,1,1,3,0
9395,4,4,1,4,3,3,4,0
9417,2,4,2,4,1,1,3,0
9439,2,2,1,4,2,1,2,0
9470,1,3,2,4,2,3,2,0
9474,2,1,1,2,1,1,2,0
9480,3,3,3,4,1,1,3,0
9486,1,1,1,4,2,2,4,0
9543,1,2,1,3,3,3,4,0
9563,4,4,3,4,3,2,1,0
9566,3,4,1,3,2,1,1,0
9572,2,4,2,3,3,4,3,0
9612,1,3,2,4,1,1,4,0
9622,1,4,2,4,1,1,4,0
9659,1,2,2,3,1,2,2,0
9685,4,3,4,4,1,3,4,0
9703,1,2,1,4,1,1,1,0
9705,3,4,4,4,3,4,2,1
9717,1,3,1,3,2,3,4,0
9720,1,3,2,4,3,3,4,0
9747,3,3,1,4,1,2,3,0
9786,2,1,2,4,2,2,4,0
9798,3,3,3,4,3,3,2,0
9870,1,4,4,4,3,2,1,0
9874,2,2,3,1,1,3,4,0
9898,1,3,4,1,1,3,2,0
9947,1,3,3,4,2,1,4,0
9972,1,4,1,4,1,3,4,0
9977,1,3,2,3,1,1,4,0
10046,1,2,1,3,2,2,3,0
10056,3,4,4,3,3,4,3,0
10073,1,2,2,1,1,1,3,0
10077,3,4,3,1,3,4,1,0
10086,2,3,4,2,2,4,2,0
10120,1,4,4,2,1,2,3,0
10150,4,1,1,2,1,1,4,0
10152,3,3,3,4,1,1,1,0
10198,3,1,2,4,1,2,3,0
10209,2,3,3,2,1,2,3,0
10219,3,1,1,2,1,3,2,0
10253,3,3,4,3,4,4,1,0
10284,1,3,1,4,1,1,4,0
10288,2,4,4,2,3,4,1,0
10352,2,4,2,4,1,1,2,0
10400,4,4,4,4,4,3,1,0
10417,4,4,3,2,4,3,1,0
10421,1,1,1,4,4,2,1,0
10467,1,1,1,1,1,2,2,0
10535,1,1,1,1,2,1,4,0
10557,4,4,3,4,2,3,2,0
10577,4,2,3,4,4,3,4,0
10578,1,2,2,2,3,2,1,0
10579,2,3,3,4,1,4,1,0
10603,1,3,3,2,1,2,4,0
10610,1,1,1,4,3,2,2,0
10616,3,3,3,4,2,2,2,0
10618,4,4,3,4,1,1,3,0
10641,1,3,2,2,3,2,1,0
10656,3,4,4,3,1,3,2,0
10657,2,1,2,1,3,1,4,0
10675,1,4,2,1,3,4,1,0
10700,1,2,1,4,1,1,4,0
10712,3,2,3,3,1,4,4,0
10719,1,4,3,3,2,4,3,0
10760,4,4,4,2,3,4,3,0
10769,2,3,3,3,3,1,4,0
10812,2,1,4,2,3,4,2,0
10825,3,4,4,4,2,3,4,0
10829,1,4,4,3,2,3,1,0
10836,1,3,3,3,3,2,3,0
10905,3,4,4,4,4,2,1,0
11072,1,2,1,3,2,2,1,0
11082,1,4,2,1,3,4,2,0
11175,4,3,4,4,4,4,1,0
11196,3,2,1,1,2,1,1,0
11224,1,1,2,4,1,1,4,0
11246,3,3,2,2,3,3,2,0
11324,1,2,1,4,2,1,4,0
11329,2,1,4,1,2,3,1,0
11351,1,3,4,3,2,1,2,0
11365,1,3,2,3,2,2,3,0
11366,1,4,4,4,2,4,2,0
11368,1,2,2,4,1,1,4,0
11374,4,4,4,1,3,4,1,0
11429,1,1,3,3,1,1,4,0
11430,4,2,1,3,1,2,4,0
11431,2,4,4,4,1,1,4,0
11465,1,2,1,2,3,4,1,0
11472,4,2,2,4,2,1,4,0
11480,3,2,1,1,3,2,2,0
11484,1,2,3,3,4,4,2,0
11506,4,1,1,4,1,1,4,0
11524,2,4,4,4,3,2,4,0
11535,1,1,2,1,3,1,2,0
11613,1,4,2,4,2,2,4,0
11629,1,3,4,2,4,3,2,0
11656,2,4,2,4,3,3,2,0
11666,1,2,2,1,4,3,1,0
11726,1,4,4,4,3,4,2,0
11761,4,4,4,4,1,1,4,0
11785,1,3,4,3,3,4,4,0
11843,1,4,2,4,1,3,4,0
11934,1,1,1,1,3,2,2,0
11980,1,2,4,2,4,4,1,0
12001,1,2,1,1,1,1,3,0
12043,2,3,4,2,1,1,2,0
12090,2,3,1,4,3,3,3,0
12105,1,3,3,4,2,2,3,0
12148,1,3,3,2,2,1,2,0
12155,1,3,3,4,3,2,3,0
12164,1,3,1,3,1,1,1,0
12169,2,4,4,4,1,2,4,0
12170,2,2,2,4,1,2,1,0
12202,3,2,3,2,3,3,1,0
12228,2,3,4,4,3,3,4,0
12254,1,4,2,3,4,2,4,0
12258,4,2,1,2,3,3,3,0
12274,2,1,2,3,1,1,3,0
12292,1,3,2,4,2,1,3,0
12301,4,3,1,4,3,4,4,0
12320,1,4,1,2,1,1,2,0
12366,1,3,4,4,2,4,4,0
12374,2,2,3,4,1,1,2,0
12385,4,1,3,3,1,1,2,0
12395,1,3,4,3,1,2,2,0
12403,2,1,4,2,3,3,3,0
12416,1,1,2,4,1,1,4,0
12418,1,4,3,4,1,1,4,0
12475,2,1,3,3,2,1,2,0
12526,1,2,2,4,2,3,3,0
12565,3,4,4,2,2,2,1,0
12603,2,3,3,3,4,4,1,0
12646,1,3,1,4,2,2,4,0
12657,1,3,2,4,2,1,1,0
12659,2,2,1,2,2,2,1,0
12673,1,3,1,4,3,4,4,0
12679,3,4,1,4,3,3,3,0
12699,1,1,2,3,3,1,2,0
12711,1,2,3,4,1,1,4,0
12787,4,1,2,1,3,4,2,0
12821,2,4,4,1,4,4,1,0
12842,2,3,3,4,1,2,1,0
12845,3,3,2,3,3,4,4,0
12883,1,1,3,3,2,1,2,0
12899,3,3,2,1,1,1,2,0
12901,1,2,2,3,1,2,2,0
12946,4,2,3,4,1,1,4,0
12954,3,1,1,2,1,1,2,0
12960,3,1,2,4,1,1,4,0
12986,4,4,4,2,3,3,1,1
12990,2,2,1,4,1,1,4,0
13024,2,1,3,4,3,3,2,0
13037,1,2,2,4,4,4,2,0
13049,1,1,3,4,2,3,3,0
13058,2,3,4,2,2,2,3,0
13061,1,1,1,2,1,2,3,0
13078,4,4,4,3,1,2,2,0
13082,4,4,4,2,1,4,2,0
13115,3,1,3,2,3,3,2,0
13120,3,2,1,4,1,3,4,0
13151,4,2,2,4,4,1,2,0
13161,3,4,4,4,1,1,4,0
13174,3,4,1,4,1,1,3,0
13194,1,2,3,4,1,1,4,0
13221,1,1,3,1,3,1,3,0
13240,4,1,2,4,2,1,3,0
13259,1,1,1,3,1,3,1,0
13263,4,3,1,4,3,1,2,0
13303,1,3,1,4,3,3,2,0
13305,4,4,4,3,1,2,3,0
13320,4,3,3,2,2,3,2,0
13345,4,4,1,4,4,4,1,0
13352,1,1,3,2,3,1,1,0
13364,4,2,1,4,1,4,1,0
13398,3,1,3,3,2,1,4,0
13406,2,2,3,4,2,2,2,0
13413,3,2,4,2,3,4,2,0
13434,4,3,2,4,4,1,4,0
13474,1,1,1,3,1,1,2,0
13488,4,1,1,4,3,1,4,0
13491,3,4,4,2,4,3,2,0
13495,1,2,3,3,3,3,1,0
13513,2,1,1,4,2,2,3,0
13541,1,3,3,3,2,3,4,0
13544,4,2,3,2,3,4,1,0
13600,1,1,1,4,1,1,2,0
13618,1,3,2,4,2,2,4,0
13621,2,2,1,4,1,3,2,0
13643,3,2,3,2,3,3,4,0
13646,1,2,1,4,1,1,4,0
13647,2,1,1,4,1,1,4,0
13663,2,3,3,3,4,4,3,0
13703,1,3,3,3,2,3,3,0
13739,2,2,3,2,2,4,4,0
13740,4,4,3,3,3,1,4,0
13772,3,1,3,4,1,1,3,0
13781,2,4,3,3,2,3,3,0
13797,4,4,4,4,1,2,4,0
13836,1,4,2,4,1,3,2,0
13888,1,2,2,4,2,3,3,0
13907,1,4,4,3,3,4,2,0
13960,1,2,2,1,2,4,1,1
13967,1,4,2,4,1,2,2,0
13973,1,4,3,3,1,2,2,0
14011,1,2,4,4,1,1,4,0
14023,2,4,2,4,2,2,3,0
14045,3,4,4,2,4,3,1,0
14099,1,2,1,3,2,3,2,0
14103,1,3,4,2,2,4,4,0
14110,1,2,1,3,2,3,1,0
14157,4,3,1,4,1,2,4,0
14162,1,2,1,2,1,2,2,0
14174,1,1,4,1,1,2,3,0
14192,3,2,1,4,1,3,4,0
14193,1,2,1,4,3,1,3,0
14219,3,2,1,4,1,3,1,0
14220,4,4,4,2,3,4,3,0
14251,1,2,3,4,1,1,3,0
14274,1,2,3,3,3,4,3,0
14285,2,2,3,3,2,3,1,0
14294,4,3,2,2,1,2,4,0
14323,1,3,2,3,2,4,2,0
14357,2,1,1,3,3,2,3,0
14358,2,2,1,4,1,1,4,0
14389,3,3,3,4,2,2,4,0
14413,4,4,4,4,1,3,1,0
14455,1,2,1,3,1,1,2,0
14460,1,4,1,4,1,4,2,0
14482,2,4,3,4,2,3,2,0
14487,1,1,1,3,1,3,1,0
14518,1,1,1,3,1,1,2,0
14527,1,3,2,2,2,3,3,0
14529,1,1,1,2,1,1,3,0
14608,1,1,4,4,1,3,2,0
14610,4,1,1,2,3,1,2,0
14655,1,3,2,3,3,4,3,0
14669,4,4,4,3,4,2,2,0
14736,3,2,3,1,4,4,1,0
14754,1,1,1,2,1,1,1,0
14755,3,3,2,4,4,3,2,0
14756,4,4,4,3,3,3,2,0
14774,4,4,3,4,1,1,4,0
14789,1,3,1,4,1,1,4,0
14793,1,2,2,3,2,3,2,0
14805,2,4,1,4,3,3,3,0
14817,3,1,1,2,1,1,2,0
14821,1,4,3,3,1,2,1,1
14839,1,3,1,1,4,2,2,0
14855,2,3,2,3,2,2,3,0
14864,4,4,1,4,2,1,2,0
14871,2,4,4,2,3,4,4,0
14875,1,2,3,4,1,1,1,0
14997,1,4,2,1,3,2,3,0
15008,3,2,2,1,4,2,1,0
15033,1,3,3,1,2,3,2,0
15048,3,4,2,4,4,4,4,0
15081,4,4,4,4,2,4,4,1
15104,1,1,2,3,1,1,2,0
15113,3,3,3,3,2,3,2,0
15120,4,3,1,1,1,1,4,0
15131,1,1,1,4,4,1,4,0
15143,4,4,2,3,2,3,3,0
15160,2,1,1,3,1,1,2,0
15164,4,4,3,1,4,4,1,0
15168,4,4,2,3,1,2,1,1
15204,1,4,3,4,1,3,4,0
15224,4,2,1,3,1,1,4,0
15226,2,3,1,2,3,3,1,0
15234,2,2,1,4,1,3,3,0
15239,4,2,2,2,3,4,3,0
